microbe,category,estimate,statistic,p.value,parameter,conf.low,conf.high,method,alternative,FDR
Bacteria;Bacteroidetes;Bacteroidia;Flavobacteriales;Flavobacteriaceae,Alpha.amino.acid.amides,-0.3816417181357302,-1.1678391384009927,0.27649599539543795,8,-0.8153469451097701,0.32642077254625973,Pearson's product-moment correlation,two.sided,0.45886569448604597
Bacteria;Proteobacteria;Alphaproteobacteria,Alpha.amino.acid.amides,0.5207942424772389,1.7254998438624702,0.12271732067643575,8,-0.16192975651847313,0.8663420133537686,Pearson's product-moment correlation,two.sided,0.25870137872329696
Bacteria;Proteobacteria;Alphaproteobacteria;Caulobacterales;Hyphomonadaceae,Alpha.amino.acid.amides,0.536499347109865,1.7981372012383594,0.10986533497220423,8,-0.14063141562057924,0.8716779721922806,Pearson's product-moment correlation,two.sided,0.24029662402738447
Bacteria;Proteobacteria;Alphaproteobacteria;Rhodobacterales;Rhodobacteraceae,Alpha.amino.acid.amides,-0.7591255361035146,-3.298487155705396,0.010883374691886128,8,-0.9396375813908332,-0.24806638566966527,Pearson's product-moment correlation,two.sided,0.0499354838804187
Bacteria;Proteobacteria;Betaproteobacteria;Burkholderiales;Burkholderiaceae,Alpha.amino.acid.amides,0.9666848449117028,10.681730051617624,5.176977737741712e-6,8,0.8612718000974533,0.9923295585182649,Pearson's product-moment correlation,two.sided,3.7925032601136426e-4
Bacteria;Proteobacteria;Betaproteobacteria;Methylophilales;Methylophilaceae,Alpha.amino.acid.amides,0.8319953560171618,4.2417304623473875,0.0028308010022279843,8,0.42500771338375254,0.959166152554664,Pearson's product-moment correlation,two.sided,0.01948257160356907
Bacteria;Proteobacteria;Gammaproteobacteria;Alteromonadales,Alpha.amino.acid.amides,-0.2649592713854412,-0.7771952561205733,0.459406092956976,8,-0.7666833689639779,0.43768376583371976,Pearson's product-moment correlation,two.sided,0.6437187170774393
Bacteria;Proteobacteria;Gammaproteobacteria;Alteromonadales;Alteromonadaceae,Alpha.amino.acid.amides,-0.34501272475400707,-1.039681888559061,0.3288869712101492,8,-0.8007030367360909,0.36359753582129595,Pearson's product-moment correlation,two.sided,0.5130636750878328
Bacteria;Proteobacteria;Gammaproteobacteria;Cellvibrionales;Cellvibrionaceae,Alpha.amino.acid.amides,-0.5605334138989799,-1.914463248876928,0.09189676844950433,8,-0.879692758055218,0.10677750671726921,Pearson's product-moment correlation,two.sided,0.21721054360791933
Bacteria;Proteobacteria;Gammaproteobacteria;Oceanospirillales;Marinomonadaceae,Alpha.amino.acid.amides,-0.6484609292315497,-2.409365450836636,0.042550309320855934,8,-0.9075467368620885,-0.03183073965030732,Pearson's product-moment correlation,two.sided,0.13639414220657928
Bacteria;Proteobacteria;Gammaproteobacteria;Oceanospirillales;Nitrincolaceae,Alpha.amino.acid.amides,0.8174613063101988,4.014228985837751,0.0038721647556390873,8,0.3870453824608807,0.9553655850554049,Pearson's product-moment correlation,two.sided,0.023844382968935433
Bacteria;Proteobacteria;Gammaproteobacteria;Oceanospirillales;Oleiphilaceae,Alpha.amino.acid.amides,0.9062185866605962,6.062241345505317,3.0179569558589324e-4,8,0.6441052542429406,0.9778844822364997,Pearson's product-moment correlation,two.sided,0.00381341627143464
Bacteria;Proteobacteria;Gammaproteobacteria;Oceanospirillales;Pseudohongiellaceae,Alpha.amino.acid.amides,0.9474667149814394,8.378314412091349,3.126595500575328e-5,8,0.7878061347039801,0.9878131298223363,Pearson's product-moment correlation,two.sided,0.001045176210192324
Bacteria;Bacteroidetes;Bacteroidia;Flavobacteriales;Flavobacteriaceae,Alpha.amino.acids.and.derivatives,0.4135866861665171,1.2848381084589742,0.23479908641383834,8,-0.2921053148237561,0.8276807382935631,Pearson's product-moment correlation,two.sided,0.40399254574145715
Bacteria;Proteobacteria;Alphaproteobacteria,Alpha.amino.acids.and.derivatives,-0.01240588691109646,-0.03509184757326339,0.9728662986793088,8,-0.6370560958343467,0.6220795218343171,Pearson's product-moment correlation,two.sided,0.9812530771161994
Bacteria;Proteobacteria;Alphaproteobacteria;Caulobacterales;Hyphomonadaceae,Alpha.amino.acids.and.derivatives,0.6027457948115904,2.136547772640347,0.06512558767488655,8,-0.04332103958765694,0.8933439517756012,Pearson's product-moment correlation,two.sided,0.17372108367476088
Bacteria;Proteobacteria;Alphaproteobacteria;Rhodobacterales;Rhodobacteraceae,Alpha.amino.acids.and.derivatives,0.5248508067938606,1.7440229178126225,0.11931249132703411,8,-0.15648874379846323,0.8677278674136617,Pearson's product-moment correlation,two.sided,0.25613874284886223
Bacteria;Proteobacteria;Betaproteobacteria;Burkholderiales;Burkholderiaceae,Alpha.amino.acids.and.derivatives,-0.20293806887773663,-0.5861932980401775,0.573908263101734,8,-0.73823613916012365,0.48919522221451034,Pearson's product-moment correlation,two.sided,0.7434143333899511
Bacteria;Proteobacteria;Betaproteobacteria;Methylophilales;Methylophilaceae,Alpha.amino.acids.and.derivatives,-0.5474787819567969,-1.8504632337094737,0.10140452831225122,8,-0.8753617310753584,0.12535998927046635,Pearson's product-moment correlation,two.sided,0.22816018870256524
Bacteria;Proteobacteria;Gammaproteobacteria;Alteromonadales,Alpha.amino.acids.and.derivatives,0.021977140905862152,0.06217575855764516,0.9519482175093444,8,-0.6161754165162489,0.6427100147839038,Pearson's product-moment correlation,two.sided,0.9760849236111416
Bacteria;Proteobacteria;Gammaproteobacteria;Alteromonadales;Alteromonadaceae,Alpha.amino.acids.and.derivatives,-0.30152362069485666,-0.8944672497778156,0.3971836652144578,8,-0.7825794099376113,0.40498863969051274,Pearson's product-moment correlation,two.sided,0.5874557631972994
Bacteria;Proteobacteria;Gammaproteobacteria;Cellvibrionales;Cellvibrionaceae,Alpha.amino.acids.and.derivatives,-0.2549722895089623,-0.7458211516539869,0.4771155698833699,8,-0.7622319600462463,0.44630213198869356,Pearson's product-moment correlation,two.sided,0.6567355491335798
Bacteria;Proteobacteria;Gammaproteobacteria;Oceanospirillales;Marinomonadaceae,Alpha.amino.acids.and.derivatives,0.62048790803082,2.237909962579935,0.0556064883825972,8,-0.01499757919964153,0.8989258838983901,Pearson's product-moment correlation,two.sided,0.16064096643861414
Bacteria;Proteobacteria;Gammaproteobacteria;Oceanospirillales;Nitrincolaceae,Alpha.amino.acids.and.derivatives,-0.12633453395439675,-0.36021416868612294,0.7280118978234,8,-0.7002596955782587,0.5467849824106606,Pearson's product-moment correlation,two.sided,0.8705132639197002
Bacteria;Proteobacteria;Gammaproteobacteria;Oceanospirillales;Oleiphilaceae,Alpha.amino.acids.and.derivatives,0.0774331168755152,0.2196734870383485,0.8316270214281917,8,-0.5804945735194335,0.674190006944601,Pearson's product-moment correlation,two.sided,0.9355803991067156
Bacteria;Proteobacteria;Gammaproteobacteria;Oceanospirillales;Pseudohongiellaceae,Alpha.amino.acids.and.derivatives,-0.13480544227704824,-0.3847997885039734,0.7104137521828237,8,-0.7046252304179945,0.5407151674372439,Pearson's product-moment correlation,two.sided,0.8671934182432984
Bacteria;Bacteroidetes;Bacteroidia;Flavobacteriales;Flavobacteriaceae,Amino.acids..peptides..and.analogues,0.4418189112337776,1.3929847970856417,0.2011122361847365,8,-0.26018619461966935,0.8382579414079924,Pearson's product-moment correlation,two.sided,0.3595434293151698
Bacteria;Proteobacteria;Alphaproteobacteria,Amino.acids..peptides..and.analogues,-0.0700281929625509,-0.19855709563749635,0.8475623395558168,8,-0.6701083493756236,0.5854097555543923,Pearson's product-moment correlation,two.sided,0.9387259442863599
Bacteria;Proteobacteria;Alphaproteobacteria;Caulobacterales;Hyphomonadaceae,Amino.acids..peptides..and.analogues,0.6709903114648745,2.559587222060904,0.03366858808577854,8,0.07162266289544074,0.9143347375145736,Pearson's product-moment correlation,two.sided,0.11418042916046636
Bacteria;Proteobacteria;Alphaproteobacteria;Rhodobacterales;Rhodobacteraceae,Amino.acids..peptides..and.analogues,0.4274559326282208,1.3373667704407164,0.21787703432659425,8,-0.2766188811874941,0.8329138766674361,Pearson's product-moment correlation,two.sided,0.3862365608516898
Bacteria;Proteobacteria;Betaproteobacteria;Burkholderiales;Burkholderiaceae,Amino.acids..peptides..and.analogues,-0.17561418293043055,-0.5045531440321124,0.62747385891015,8,-0.7250686896959165,0.5104536447853624,Pearson's product-moment correlation,two.sided,0.781004696728591
Bacteria;Proteobacteria;Betaproteobacteria;Methylophilales;Methylophilaceae,Amino.acids..peptides..and.analogues,-0.4945334805921199,-1.6093172677079146,0.146213287358216,8,-0.8572398931945194,0.19617657093171584,Pearson's product-moment correlation,two.sided,0.29242707978896443
Bacteria;Proteobacteria;Gammaproteobacteria;Alteromonadales,Amino.acids..peptides..and.analogues,-0.1697865267125965,-0.4873040508545052,0.6391148065658465,8,-0.7222073696138485,0.5148816881722766,Pearson's product-moment correlation,two.sided,0.7912849986053339
Bacteria;Proteobacteria;Gammaproteobacteria;Alteromonadales;Alteromonadaceae,Amino.acids..peptides..and.analogues,-0.2604445793214568,-0.7629798640506039,0.467375139263284,8,-0.7646770318608567,0.44159582129323105,Pearson's product-moment correlation,two.sided,0.6509868011167169
Bacteria;Proteobacteria;Gammaproteobacteria;Cellvibrionales;Cellvibrionaceae,Amino.acids..peptides..and.analogues,-0.24544818452868303,-0.7161392078286585,0.49427615959053717,8,-0.7579416959339798,0.4544016313082723,Pearson's product-moment correlation,two.sided,0.6724454729313122
Bacteria;Proteobacteria;Gammaproteobacteria;Oceanospirillales;Marinomonadaceae,Amino.acids..peptides..and.analogues,0.6284540338496241,2.2852014146760675,0.051650279480612696,8,-0.0019398468398986344,0.901403078838069,Pearson's product-moment correlation,two.sided,0.1549508384418381
Bacteria;Proteobacteria;Gammaproteobacteria;Oceanospirillales;Nitrincolaceae,Amino.acids..peptides..and.analogues,-0.12781109312807046,-0.36449374711227683,0.7249358812316534,8,-0.7010237509729104,0.5457320235730563,Pearson's product-moment correlation,two.sided,0.8705132639197002
Bacteria;Proteobacteria;Gammaproteobacteria;Oceanospirillales;Oleiphilaceae,Amino.acids..peptides..and.analogues,0.12931139348416087,0.36884465948142814,0.7218140310982151,8,-0.5446599514631837,0.701798745850692,Pearson's product-moment correlation,two.sided,0.8705132639197002
Bacteria;Proteobacteria;Gammaproteobacteria;Oceanospirillales;Pseudohongiellaceae,Amino.acids..peptides..and.analogues,-0.10907392078724307,-0.310359351409689,0.7642192360485025,8,-0.6912294774584583,0.5589378916076786,Pearson's product-moment correlation,two.sided,0.8936753073490946
Bacteria;Bacteroidetes;Bacteroidia;Flavobacteriales;Flavobacteriaceae,Amino.acids.and.derivatives,0.4478856003984811,1.4168713934847819,0.1942637308346149,8,-0.25312094723057854,0.8404925393995533,Pearson's product-moment correlation,two.sided,0.3595434293151698
Bacteria;Proteobacteria;Alphaproteobacteria,Amino.acids.and.derivatives,-0.12471108681166733,-0.35551166522657907,0.7313979551190619,8,-0.6994181117257688,0.5479402372785244,Pearson's product-moment correlation,two.sided,0.8705132639197002
Bacteria;Proteobacteria;Alphaproteobacteria;Caulobacterales;Hyphomonadaceae,Amino.acids.and.derivatives,0.6087644539737094,2.1703456006858413,0.06178523652366416,8,-0.033827869630383,0.8952476154905105,Pearson's product-moment correlation,two.sided,0.17009112172396956
Bacteria;Proteobacteria;Alphaproteobacteria;Rhodobacterales;Rhodobacteraceae,Amino.acids.and.derivatives,0.489650336761371,1.5883820304618819,0.1508626203121166,8,-0.20236417796723077,0.8555220015978167,Pearson's product-moment correlation,two.sided,0.29779698498692964
Bacteria;Proteobacteria;Betaproteobacteria;Burkholderiales;Burkholderiaceae,Amino.acids.and.derivatives,-0.27154051108644295,-0.7980164090587939,0.44789927709959276,8,-0.7695906339070234,0.43193295519214947,Pearson's product-moment correlation,two.sided,0.63137608940545
Bacteria;Proteobacteria;Betaproteobacteria;Methylophilales;Methylophilaceae,Amino.acids.and.derivatives,-0.5575161546774566,-1.8994919607529197,0.09404145319858014,8,-0.8786964294851937,0.11111421777511103,Pearson's product-moment correlation,two.sided,0.2178782183016609
Bacteria;Proteobacteria;Gammaproteobacteria;Alteromonadales,Amino.acids.and.derivatives,-0.12400689565497133,-0.35347279795219005,0.7328680042400895,8,-0.6990525676178936,0.5484405474025106,Pearson's product-moment correlation,two.sided,0.8705132639197002
Bacteria;Proteobacteria;Gammaproteobacteria;Alteromonadales;Alteromonadaceae,Amino.acids.and.derivatives,-0.19783657464683266,-0.570849157549194,0.583776651276557,8,-0.735808303911955,0.4932277025997677,Pearson's product-moment correlation,two.sided,0.7505699802127161
Bacteria;Proteobacteria;Gammaproteobacteria;Cellvibrionales;Cellvibrionaceae,Amino.acids.and.derivatives,-0.2119320155184686,-0.6133672596143726,0.5566662977151907,8,-0.742482903819383,0.4820131402326439,Pearson's product-moment correlation,two.sided,0.7317972677828912
Bacteria;Proteobacteria;Gammaproteobacteria;Oceanospirillales;Marinomonadaceae,Amino.acids.and.derivatives,0.6963617974633619,2.744368864203075,0.02527794895952509,8,0.11884110766644236,0.9218187743359952,Pearson's product-moment correlation,two.sided,0.09696786977916182
Bacteria;Proteobacteria;Gammaproteobacteria;Oceanospirillales;Nitrincolaceae,Amino.acids.and.derivatives,-0.2193301074157212,-0.6358415158359325,0.5426372144296381,8,-0.7459444587703588,0.476034680106387,Pearson's product-moment correlation,two.sided,0.7214608419121324
Bacteria;Proteobacteria;Gammaproteobacteria;Oceanospirillales;Oleiphilaceae,Amino.acids.and.derivatives,0.03458650135235289,0.09788396176774537,0.9244324673908538,8,-0.6082861862931096,0.6500567938861859,Pearson's product-moment correlation,two.sided,0.9652909153710978
Bacteria;Proteobacteria;Gammaproteobacteria;Oceanospirillales;Pseudohongiellaceae,Amino.acids.and.derivatives,-0.20541191509026227,-0.5936518983476631,0.5691456890123553,8,-0.7394084868265802,0.48722905616319917,Pearson's product-moment correlation,two.sided,0.7434143333899511
Bacteria;Bacteroidetes;Bacteroidia;Flavobacteriales;Flavobacteriaceae,Aminoimidazoles,0.40488856700157533,1.2524500691865292,0.2457780832110738,8,-0.30163243463813016,0.824361607225026,Pearson's product-moment correlation,two.sided,0.41979614212694355
Bacteria;Proteobacteria;Alphaproteobacteria,Aminoimidazoles,-0.30058189463821133,-0.8913956777423533,0.39873280459759564,8,-0.7821777238037662,0.4058540083119249,Pearson's product-moment correlation,two.sided,0.5874557631972994
Bacteria;Proteobacteria;Alphaproteobacteria;Caulobacterales;Hyphomonadaceae,Aminoimidazoles,0.10564513972790086,0.30049115917532376,0.7714632995064834,8,-0.5613183500449265,0.6894137353085581,Pearson's product-moment correlation,two.sided,0.8936753073490946
Bacteria;Proteobacteria;Alphaproteobacteria;Rhodobacterales;Rhodobacteraceae,Aminoimidazoles,0.7283774928590188,3.006763939603576,0.016896633286246073,8,0.18240158604170623,0.9310287640014393,Pearson's product-moment correlation,two.sided,0.06816917567209622
Bacteria;Proteobacteria;Betaproteobacteria;Burkholderiales;Burkholderiaceae,Aminoimidazoles,-0.6810501722410467,-2.63070758437831,0.030145047124342073,8,-0.9173221999872789,-0.0900289059653117,Pearson's product-moment correlation,two.sided,0.10737826844565254
Bacteria;Proteobacteria;Betaproteobacteria;Methylophilales;Methylophilaceae,Aminoimidazoles,-0.8269412029855326,-4.159685530743198,0.0031665820224942823,8,-0.957849709179973,-0.4116420921759147,Pearson's product-moment correlation,two.sided,0.020582783146212834
Bacteria;Proteobacteria;Gammaproteobacteria;Alteromonadales,Aminoimidazoles,-0.21207686765725361,-0.6138062226349275,0.5563902673152552,8,-0.7425509529556451,0.4818967009619228,Pearson's product-moment correlation,two.sided,0.7317972677828912
Bacteria;Proteobacteria;Gammaproteobacteria;Alteromonadales;Alteromonadaceae,Aminoimidazoles,0.039582021438270394,0.11204266815808317,0.9135498575538747,8,-0.6051251360156829,0.652935929813016,Pearson's product-moment correlation,two.sided,0.9652909153710978
Bacteria;Proteobacteria;Gammaproteobacteria;Cellvibrionales;Cellvibrionaceae,Aminoimidazoles,0.09188319182624519,0.2609889495595152,0.800693839613708,8,-0.5707629277745967,0.6820514038344082,Pearson's product-moment correlation,two.sided,0.9076321914798935
Bacteria;Proteobacteria;Gammaproteobacteria;Oceanospirillales;Marinomonadaceae,Aminoimidazoles,0.8176544467706756,4.017089856819036,0.0038567597623796013,8,0.38754046884280796,0.9554163911834997,Pearson's product-moment correlation,two.sided,0.023844382968935433
Bacteria;Proteobacteria;Gammaproteobacteria;Oceanospirillales;Nitrincolaceae,Aminoimidazoles,-0.5443285919232316,-1.8353140744939187,0.10378836836531068,8,-0.8743086771340474,0.12977448778675585,Pearson's product-moment correlation,two.sided,0.2312997923569781
Bacteria;Proteobacteria;Gammaproteobacteria;Oceanospirillales;Oleiphilaceae,Aminoimidazoles,-0.4442005015323039,-1.402333203350123,0.19840724574469917,8,-0.8391367644495026,0.25742153601416884,Pearson's product-moment correlation,two.sided,0.3595434293151698
Bacteria;Proteobacteria;Gammaproteobacteria;Oceanospirillales;Pseudohongiellaceae,Aminoimidazoles,-0.618568878770909,-2.2266881839562065,0.0565886050517515,8,-0.8983264578026555,0.018111102704783097,Pearson's product-moment correlation,two.sided,0.16148455587938843
Bacteria;Bacteroidetes;Bacteroidia;Flavobacteriales;Flavobacteriaceae,Anisoles,0.3731878696121732,1.1377290224976953,0.28815845377052374,8,-0.3352000069057184,0.8120157292003405,Pearson's product-moment correlation,two.sided,0.4748526632556518
Bacteria;Proteobacteria;Alphaproteobacteria,Anisoles,-0.28555016975509956,-0.8427466454084694,0.4238481287956072,8,-0.775711397853988,0.4194975523432185,Pearson's product-moment correlation,two.sided,0.6088524312156923
Bacteria;Proteobacteria;Alphaproteobacteria;Caulobacterales;Hyphomonadaceae,Anisoles,0.18153616261085515,0.5221375024315585,0.6157198260713992,8,-0.5059163471408828,0.7279570177619274,Pearson's product-moment correlation,two.sided,0.7746152650575667
Bacteria;Proteobacteria;Alphaproteobacteria;Rhodobacterales;Rhodobacteraceae,Anisoles,0.7800629972551616,3.5262072457425577,0.007774994419804817,8,0.295639497920111,0.9453717058213423,Pearson's product-moment correlation,two.sided,0.039551058570311465
Bacteria;Proteobacteria;Betaproteobacteria;Burkholderiales;Burkholderiaceae,Anisoles,-0.6562264864882407,-2.459816325682626,0.03933002277188148,8,-0.9099018544444127,-0.045329182258290544,Pearson's product-moment correlation,two.sided,0.12791326063761047
Bacteria;Proteobacteria;Betaproteobacteria;Methylophilales;Methylophilaceae,Anisoles,-0.8076292944576559,-3.873761713712232,0.0047161895676558485,8,-0.9527684252372882,-0.36216617750223656,Pearson's product-moment correlation,two.sided,0.02720976298350914
Bacteria;Proteobacteria;Gammaproteobacteria;Alteromonadales,Anisoles,0.18564333335255215,0.5343674444304108,0.6076136110094871,8,-0.5027470172769106,0.7299488832007683,Pearson's product-moment correlation,two.sided,0.7707980363763146
Bacteria;Proteobacteria;Gammaproteobacteria;Alteromonadales;Alteromonadaceae,Anisoles,0.0322643756259075,0.09130497133576844,0.9294951037624237,8,-0.6097486636609015,0.6487124081493985,Pearson's product-moment correlation,two.sided,0.9652909153710978
Bacteria;Proteobacteria;Gammaproteobacteria;Cellvibrionales;Cellvibrionaceae,Anisoles,-0.04050618126887427,-0.11466288704471465,0.9115379678530786,8,-0.6534666275446371,0.6045381122652658,Pearson's product-moment correlation,two.sided,0.9652909153710978
Bacteria;Proteobacteria;Gammaproteobacteria;Oceanospirillales;Marinomonadaceae,Anisoles,0.8504992374650233,4.573542960995752,0.001817324839460459,8,0.4755034712255687,0.9639392576133204,Pearson's product-moment correlation,two.sided,0.016354346061077867
Bacteria;Proteobacteria;Gammaproteobacteria;Oceanospirillales;Nitrincolaceae,Anisoles,-0.5513101920765324,-1.8690399728872555,0.09855230260323432,8,-0.8766383257804324,0.11995471745426933,Pearson's product-moment correlation,two.sided,0.22609057656036108
Bacteria;Proteobacteria;Gammaproteobacteria;Oceanospirillales;Oleiphilaceae,Anisoles,-0.42299469375894055,-1.3203478697327267,0.22324175003216862,8,-0.8312384379150981,0.28164053029138597,Pearson's product-moment correlation,two.sided,0.3927711993047177
Bacteria;Proteobacteria;Gammaproteobacteria;Oceanospirillales;Pseudohongiellaceae,Anisoles,-0.6023823460923542,-2.1345253850680153,0.0653310058264058,8,-0.8932286603400819,0.04389059245798642,Pearson's product-moment correlation,two.sided,0.17372108367476088
Bacteria;Bacteroidetes;Bacteroidia;Flavobacteriales;Flavobacteriaceae,Benzenoids,0.4812256056251387,1.552722512273247,0.1590923056770804,8,-0.21291112605808446,0.8525391193452536,Pearson's product-moment correlation,two.sided,0.31022999607030677
Bacteria;Proteobacteria;Alphaproteobacteria,Benzenoids,-0.3328596811472379,-0.998401849451893,0.3473215908429886,8,-0.7957209956547295,0.37545301431256256,Pearson's product-moment correlation,two.sided,0.5382334586573465
Bacteria;Proteobacteria;Alphaproteobacteria;Caulobacterales;Hyphomonadaceae,Benzenoids,-0.1758891610463556,-0.5053683786451982,0.6269263802120253,8,-0.72520323411838306,0.5102438046424945,Pearson's product-moment correlation,two.sided,0.781004696728591
Bacteria;Proteobacteria;Alphaproteobacteria;Rhodobacterales;Rhodobacteraceae,Benzenoids,0.8989024952685088,5.802778972350373,4.0388178013974786e-4,8,0.6204129680647514,0.9760890735933376,Pearson's product-moment correlation,two.sided,0.0045003969787000475
Bacteria;Proteobacteria;Betaproteobacteria;Burkholderiales;Burkholderiaceae,Benzenoids,-0.8414934581693679,-4.405417289566555,0.0022702597279782855,8,-0.9616252838775359,-0.4506147592710899,Pearson's product-moment correlation,two.sided,0.01713679923699738
Bacteria;Proteobacteria;Betaproteobacteria;Methylophilales;Methylophilaceae,Benzenoids,-0.9268053879226689,-6.980315629946785,1.1487587267983847e-4,8,-0.9828805452765558,-0.7135855425987023,Pearson's product-moment correlation,two.sided,0.0020677657082370923
Bacteria;Proteobacteria;Gammaproteobacteria;Alteromonadales,Benzenoids,0.3938336898399084,1.2118712471062114,0.2601372057349966,8,-0.31354068170497246,0.82010111634231,Pearson's product-moment correlation,two.sided,0.44110221842021163
Bacteria;Proteobacteria;Gammaproteobacteria;Alteromonadales;Alteromonadaceae,Benzenoids,0.06871472087734334,0.19481505497488297,0.8503942765965472,8,-0.586276599429512,0.6693805428515177,Pearson's product-moment correlation,two.sided,0.9387259442863599
Bacteria;Proteobacteria;Gammaproteobacteria;Cellvibrionales;Cellvibrionaceae,Benzenoids,0.3131481005543142,0.9326235302054102,0.37830193519529554,8,-0.39420142921267004,0.7875049745992241,Pearson's product-moment correlation,two.sided,0.5748224210110334
Bacteria;Proteobacteria;Gammaproteobacteria;Oceanospirillales;Marinomonadaceae,Benzenoids,0.7672596542391946,3.3837738999636495,0.009587919424600388,8,0.2662601171151525,0.9418773738905949,Pearson's product-moment correlation,two.sided,0.04578720704809165
Bacteria;Proteobacteria;Gammaproteobacteria;Oceanospirillales;Nitrincolaceae,Benzenoids,-0.665141198469689,-2.5194308897776287,0.03584053233990091,8,-0.9125854714923703,-0.061105146223065815,Pearson's product-moment correlation,two.sided,0.11980977953624018
Bacteria;Proteobacteria;Gammaproteobacteria;Oceanospirillales;Oleiphilaceae,Benzenoids,-0.6792825820726539,-2.61801606449301,0.03074505976862701,8,-0.9167992008728763,-0.08676529203130341,Pearson's product-moment correlation,two.sided,0.10737826844565254
Bacteria;Proteobacteria;Gammaproteobacteria;Oceanospirillales;Pseudohongiellaceae,Benzenoids,-0.7898103509742208,-3.64215684686374,0.00656843720448702,8,-0.94800675974911075,-0.31863813145918074,Pearson's product-moment correlation,two.sided,0.03415587346333251
Bacteria;Bacteroidetes;Bacteroidia;Flavobacteriales;Flavobacteriaceae,Carboximidamides,0.03098308900599758,0.08767550158501505,0.9322895165549918,8,-0.6105537521509831,0.6479689614147081,Pearson's product-moment correlation,two.sided,0.9652909153710978
Bacteria;Proteobacteria;Alphaproteobacteria,Carboximidamides,-0.13895267449474707,-0.39686751638654916,0.7018421418540405,8,-0.7067469179246421,0.5377176024253049,Pearson's product-moment correlation,two.sided,0.8643740062833972
Bacteria;Proteobacteria;Alphaproteobacteria;Caulobacterales;Hyphomonadaceae,Carboximidamides,-0.8385861137384145,-4.3539177979202215,0.002432436592821766,8,-0.9608745944244925,-0.44270759747486127,Pearson's product-moment correlation,two.sided,0.017787192585009166
Bacteria;Proteobacteria;Alphaproteobacteria;Rhodobacterales;Rhodobacteraceae,Carboximidamides,0.6769770653604069,2.601589125806905,0.03153982303747791,8,0.0825274969747571,0.9161158120725379,Pearson's product-moment correlation,two.sided,0.10853409692308576
Bacteria;Proteobacteria;Betaproteobacteria;Burkholderiales;Burkholderiaceae,Carboximidamides,-0.5953428703576277,-2.0957599383181087,0.06939367659547191,8,-0.890988061530914,0.054839758711599206,Pearson's product-moment correlation,two.sided,0.18042355914822697
Bacteria;Proteobacteria;Betaproteobacteria;Methylophilales;Methylophilaceae,Carboximidamides,-0.567231727845658,-1.9480997654975216,0.08724795107339936,8,-0.8818946373064152,0.0970583986574591,Pearson's product-moment correlation,two.sided,0.21047443867191185
Bacteria;Proteobacteria;Gammaproteobacteria;Alteromonadales,Carboximidamides,0.6221895136116435,2.247914982648662,0.054745134288621024,8,-0.012226467159257222,0.8994565251439243,Pearson's product-moment correlation,two.sided,0.1601295177942165
Bacteria;Proteobacteria;Gammaproteobacteria;Alteromonadales;Alteromonadaceae,Carboximidamides,0.010054927544780462,0.028441067559617356,0.9780070696054582,8,-0.62351877470225,0.6356569809498556,Pearson's product-moment correlation,two.sided,0.9822045248398166
Bacteria;Proteobacteria;Gammaproteobacteria;Cellvibrionales;Cellvibrionaceae,Carboximidamides,0.48904642454644104,1.5858066739495513,0.1514437658694215,8,-0.20312559686054896,0.85530898389003,Pearson's product-moment correlation,two.sided,0.29779698498692964
Bacteria;Proteobacteria;Gammaproteobacteria;Oceanospirillales;Marinomonadaceae,Carboximidamides,0.027143865899916603,0.07680274552189385,0.9406665225070556,8,-0.6129581914732497,0.6457342503360539,Pearson's product-moment correlation,two.sided,0.969673860205511
Bacteria;Proteobacteria;Gammaproteobacteria;Oceanospirillales;Nitrincolaceae,Carboximidamides,-0.32510792186015114,-0.9723659784016021,0.35934707722903386,8,-0.7925101664857599,0.38289580994969324,Pearson's product-moment correlation,two.sided,0.5495896475267577
Bacteria;Proteobacteria;Gammaproteobacteria;Oceanospirillales;Oleiphilaceae,Carboximidamides,-0.6803939334910187,-2.625985759618848,0.03036686912071766,8,-0.9171281255011623,-0.08881576744597851,Pearson's product-moment correlation,two.sided,0.10737826844565254
Bacteria;Proteobacteria;Gammaproteobacteria;Oceanospirillales;Pseudohongiellaceae,Carboximidamides,-0.5620614721229726,-1.9220875806349424,0.09082264124130915,8,-0.8801962712774083,0.10457149832612624,Pearson's product-moment correlation,two.sided,0.2168622250047586
Bacteria;Bacteroidetes;Bacteroidia;Flavobacteriales;Flavobacteriaceae,Carboximidic.acids,0.46603798836432003,1.4898361919562009,0.17459755161769655,8,-0.23152449128132147,0.8470999434159133,Pearson's product-moment correlation,two.sided,0.3376514634590165
Bacteria;Proteobacteria;Alphaproteobacteria,Carboximidic.acids,-0.2774860877801687,-0.8169303121520064,0.43761767645829897,8,-0.772199460005892,0.4266879471560048,Pearson's product-moment correlation,two.sided,0.6206214320681331
Bacteria;Proteobacteria;Alphaproteobacteria;Caulobacterales;Hyphomonadaceae,Carboximidic.acids,-0.20235437486381253,-0.5844351848394663,0.5750341638614579,8,-0.7379590561398698,0.4896581076736243,Pearson's product-moment correlation,two.sided,0.7434143333899511
Bacteria;Proteobacteria;Alphaproteobacteria;Rhodobacterales;Rhodobacteraceae,Carboximidic.acids,0.9055970954602086,6.039094075673658,3.0963636391990665e-4,8,0.6420728919150347,0.9777323743393481,Pearson's product-moment correlation,two.sided,0.00381341627143464
Bacteria;Proteobacteria;Betaproteobacteria;Burkholderiales;Burkholderiaceae,Carboximidic.acids,-0.7552976301524997,-3.2596325402170607,0.011533626696210037,8,-0.9385781577025899,-0.23962739712584127,Pearson's product-moment correlation,two.sided,0.05106029700992571
Bacteria;Proteobacteria;Betaproteobacteria;Methylophilales;Methylophilaceae,Carboximidic.acids,-0.9497319362692214,-8.580498196875,2.62848342286863e-5,8,-0.9883490325616612,-0.7962355466906555,Pearson's product-moment correlation,two.sided,0.0010251085349187658
Bacteria;Proteobacteria;Gammaproteobacteria;Alteromonadales,Carboximidic.acids,0.03990142860706552,0.1129482326015614,0.9128544597690382,8,-0.6049223287152571,0.6531194171450178,Pearson's product-moment correlation,two.sided,0.9652909153710978
Bacteria;Proteobacteria;Gammaproteobacteria;Alteromonadales;Alteromonadaceae,Carboximidic.acids,-0.10672668717554669,-0.30360271545243434,0.7691765453790198,8,-0.6899872717299281,0.5605686667952942,Pearson's product-moment correlation,two.sided,0.8936753073490946
Bacteria;Proteobacteria;Gammaproteobacteria;Cellvibrionales;Cellvibrionaceae,Carboximidic.acids,0.3499245162367132,1.0565321768339786,0.3215832056421434,8,-0.35873997835389454,0.8026988570507532,Pearson's product-moment correlation,two.sided,0.5117494340944531
Bacteria;Proteobacteria;Gammaproteobacteria;Oceanospirillales;Marinomonadaceae,Carboximidic.acids,0.6108728022119481,2.1823246855161806,0.0606423005607165,8,-0.03047474146312781,0.8959120082414489,Pearson's product-moment correlation,two.sided,0.16893212299056737
Bacteria;Proteobacteria;Gammaproteobacteria;Oceanospirillales;Nitrincolaceae,Carboximidic.acids,-0.4945332128101476,-1.6093161141772325,0.14621353989448221,8,-0.8572397992095907,0.196176911762755,Pearson's product-moment correlation,two.sided,0.29242707978896443
Bacteria;Proteobacteria;Gammaproteobacteria;Oceanospirillales;Oleiphilaceae,Carboximidic.acids,-0.5772455897415613,-1.999456143581751,0.08058410420102656,8,-0.8851610039167773,0.08228831792764378,Pearson's product-moment correlation,two.sided,0.19642375399000225
Bacteria;Proteobacteria;Gammaproteobacteria;Oceanospirillales;Pseudohongiellaceae,Carboximidic.acids,-0.6806001277651993,-2.62746811606158,0.03029705188843495,8,-0.9171891170008596,-0.08919675407068337,Pearson's product-moment correlation,two.sided,0.10737826844565254
Bacteria;Bacteroidetes;Bacteroidia;Flavobacteriales;Flavobacteriaceae,Carboximidic.acids.and.derivatives,0.4452103155528317,1.406308160310397,0.1972667394608182,8,-0.25624581980184197,0.8395087712298859,Pearson's product-moment correlation,two.sided,0.3595434293151698
Bacteria;Proteobacteria;Alphaproteobacteria,Carboximidic.acids.and.derivatives,-0.2992377070533895,-0.8870163826510481,0.4009490071936034,8,-0.7816036763627416,0.40708701541337516,Pearson's product-moment correlation,two.sided,0.5874557631972994
Bacteria;Proteobacteria;Alphaproteobacteria;Caulobacterales;Hyphomonadaceae,Carboximidic.acids.and.derivatives,-0.2813258144750183,-0.8291989963013795,0.43103588163904316,8,-0.7738754537633995,0.423275294626114,Pearson's product-moment correlation,two.sided,0.6150146116069274
Bacteria;Proteobacteria;Alphaproteobacteria;Rhodobacterales;Rhodobacteraceae,Carboximidic.acids.and.derivatives,0.9284622725979137,7.070271831308869,1.0503641177194746e-4,8,0.7193660412170141,0.9832790888231818,Pearson's product-moment correlation,two.sided,0.0020677657082370923
Bacteria;Proteobacteria;Betaproteobacteria;Burkholderiales;Burkholderiaceae,Carboximidic.acids.and.derivatives,-0.8004975506581166,-3.777762205953911,0.005405388204008397,8,-0.9508711721094407,-0.34450842868969667,Pearson's product-moment correlation,two.sided,0.028746837266771928
Bacteria;Proteobacteria;Betaproteobacteria;Methylophilales;Methylophilaceae,Carboximidic.acids.and.derivatives,-0.9647367504962947,-10.3666984761494,6.482911555749816e-6,8,-0.9918748362742593,-0.8536184972516528,Pearson's product-moment correlation,two.sided,3.7925032601136426e-4
Bacteria;Proteobacteria;Gammaproteobacteria;Alteromonadales,Carboximidic.acids.and.derivatives,0.09986044103406784,0.283866902041025,0.7837206367327652,8,-0.5653095624431278,0.6863336762203213,Pearson's product-moment correlation,two.sided,0.8945884341242294
Bacteria;Proteobacteria;Gammaproteobacteria;Alteromonadales;Alteromonadaceae,Carboximidic.acids.and.derivatives,-0.0695090790397254,-0.1970780334757384,0.8486813991815831,8,-0.6698208415832951,0.5857525310823047,Pearson's product-moment correlation,two.sided,0.9387259442863599
Bacteria;Proteobacteria;Gammaproteobacteria;Cellvibrionales;Cellvibrionaceae,Carboximidic.acids.and.derivatives,0.3827760260009001,1.1719050045155928,0.27495100784683496,8,-0.32523343612708333,0.8157917417046772,Pearson's product-moment correlation,two.sided,0.45886569448604597
Bacteria;Proteobacteria;Gammaproteobacteria;Oceanospirillales;Marinomonadaceae,Carboximidic.acids.and.derivatives,0.6114920236356222,2.185856965978725,0.060309283895458,8,-0.029487178361373566,0.8961068982947793,Pearson's product-moment correlation,two.sided,0.16893212299056737
Bacteria;Proteobacteria;Gammaproteobacteria;Oceanospirillales;Nitrincolaceae,Carboximidic.acids.and.derivatives,-0.5319020307445053,-1.7766127210225657,0.113535599922874,8,-0.8701241736605915,0.14693158520845573,Pearson's product-moment correlation,two.sided,0.24599379983289366
Bacteria;Proteobacteria;Gammaproteobacteria;Oceanospirillales;Oleiphilaceae,Carboximidic.acids.and.derivatives,-0.6348141038013078,-2.323808706020398,0.048629432590100594,8,-0.9033680994300899,-0.008641955470531383,Pearson's product-moment correlation,two.sided,0.1477829509880979
Bacteria;Proteobacteria;Gammaproteobacteria;Oceanospirillales;Pseudohongiellaceae,Carboximidic.acids.and.derivatives,-0.7264149916991739,-2.9895859576889574,0.01734489589341759,8,-0.9304715392720437,-0.1783695859350506,Pearson's product-moment correlation,two.sided,0.06879162100101213
Bacteria;Bacteroidetes;Bacteroidia;Flavobacteriales;Flavobacteriaceae,Dialkylamines,-0.06867976785294043,-0.1947154888998145,0.8504696589261038,8,-0.6693611593091541,0.5862996466864802,Pearson's product-moment correlation,two.sided,0.9387259442863599
Bacteria;Proteobacteria;Alphaproteobacteria,Dialkylamines,0.2569596698957463,0.7520437289279676,0.4735679201073483,8,-0.44459740766121786,0.763121617820233,Pearson's product-moment correlation,two.sided,0.6557094278409438
Bacteria;Proteobacteria;Alphaproteobacteria;Caulobacterales;Hyphomonadaceae,Dialkylamines,0.8432646323409198,4.437430159242887,0.0021753745359713774,8,0.4554621081744936,0.962081729092617,Pearson's product-moment correlation,two.sided,0.016967921380576744
Bacteria;Proteobacteria;Alphaproteobacteria;Rhodobacterales;Rhodobacteraceae,Dialkylamines,-0.298795632933464,-0.8855773969444392,0.40167915432293977,8,-0.7814147059102797,0.40749196293695317,Pearson's product-moment correlation,two.sided,0.5874557631972994
Bacteria;Proteobacteria;Betaproteobacteria;Burkholderiales;Burkholderiaceae,Dialkylamines,0.5959671999858314,2.0991673334002603,0.06902687161426856,8,-0.0538749575546519,0.8911873634161818,Pearson's product-moment correlation,two.sided,0.18042355914822697
Bacteria;Proteobacteria;Betaproteobacteria;Methylophilales;Methylophilaceae,Dialkylamines,0.32757723529748795,0.9806354848286274,0.3554939945817956,8,-0.3805348510251469,0.7935357923463521,Pearson's product-moment correlation,two.sided,0.5472736495535537
Bacteria;Proteobacteria;Gammaproteobacteria;Alteromonadales,Dialkylamines,-0.22984940643197804,-0.6679971120337971,0.5229360740107134,8,-0.750817915197845,0.46742182057858983,Pearson's product-moment correlation,two.sided,0.6992402361057539
Bacteria;Proteobacteria;Gammaproteobacteria;Alteromonadales;Alteromonadaceae,Dialkylamines,-0.3707714592683243,-1.1291835855993135,0.2915397453839472,8,-0.8110582658149806,0.33768701863423434,Pearson's product-moment correlation,two.sided,0.4770650379010046
Bacteria;Proteobacteria;Gammaproteobacteria;Cellvibrionales;Cellvibrionaceae,Dialkylamines,-0.6561573938664164,-2.4593615087885725,0.03935792635003399,8,-0.9098809720734534,-0.04520809064580573,Pearson's product-moment correlation,two.sided,0.12791326063761047
Bacteria;Proteobacteria;Gammaproteobacteria;Oceanospirillales;Marinomonadaceae,Dialkylamines,-0.05626304425530186,-0.1593883948392744,0.8773134501957196,8,-0.6624232063191333,0.594420416547309,Pearson's product-moment correlation,two.sided,0.9544049831669653
Bacteria;Proteobacteria;Gammaproteobacteria;Oceanospirillales;Nitrincolaceae,Dialkylamines,0.5064293148638761,1.6611726516142378,0.13525615986078168,8,-0.1808691391607174,0.8613913287719284,Pearson's product-moment correlation,two.sided,0.2752168818036775
Bacteria;Proteobacteria;Gammaproteobacteria;Oceanospirillales;Oleiphilaceae,Dialkylamines,0.7743907046875409,3.4618002380581028,0.00854513292619036,8,0.28250944030287484,0.943828277013719,Pearson's product-moment correlation,two.sided,0.04196324281988969
Bacteria;Proteobacteria;Gammaproteobacteria;Oceanospirillales;Pseudohongiellaceae,Dialkylamines,0.6269583563141283,2.2762335080582212,0.05237834783001324,8,-0.004407999569850701,0.9009393323926812,Pearson's product-moment correlation,two.sided,0.1551459923066215
Bacteria;Bacteroidetes;Bacteroidia;Flavobacteriales;Flavobacteriaceae,Fatty.amides,-0.3470430827156819,-1.0466353029409436,0.3258575456413398,8,-0.80152926541735,0.3615942576607498,Pearson's product-moment correlation,two.sided,0.5117494340944531
Bacteria;Proteobacteria;Alphaproteobacteria,Fatty.amides,0.4476136441448919,1.4157954243043436,0.19456777421833585,8,-0.2534392756670643,0.8403926524386682,Pearson's product-moment correlation,two.sided,0.3595434293151698
Bacteria;Proteobacteria;Alphaproteobacteria;Caulobacterales;Hyphomonadaceae,Fatty.amides,0.5892211145050953,2.062657286641668,0.07305780746145189,8,-0.06423606737758551,0.8890277870298592,Pearson's product-moment correlation,two.sided,0.1840129078937131
Bacteria;Proteobacteria;Alphaproteobacteria;Rhodobacterales;Rhodobacteraceae,Fatty.amides,-0.8137305617097305,-3.959756066743672,0.004178462655942702,8,-0.9543825992565403,-0.3775306321488857,Pearson's product-moment correlation,two.sided,0.025070775935656212
Bacteria;Proteobacteria;Betaproteobacteria;Burkholderiales;Burkholderiaceae,Fatty.amides,0.9545937013757447,9.063110184963541,1.760272412829198e-5,8,0.8145307855914474,0.98949599812500455,Pearson's product-moment correlation,two.sided,8.238074892040646e-4
Bacteria;Proteobacteria;Betaproteobacteria;Methylophilales;Methylophilaceae,Fatty.amides,0.848691793360876,4.53870020872491,0.0019024460014481978,8,0.4704597310242124,0.9634762189419654,Pearson's product-moment correlation,two.sided,0.016354346061077867
Bacteria;Proteobacteria;Gammaproteobacteria;Alteromonadales,Fatty.amides,-0.3844946756399997,-1.1780772563492836,0.2726190891120245,8,-0.8164647018333616,0.32343017640190685,Pearson's product-moment correlation,two.sided,0.45886569448604597
Bacteria;Proteobacteria;Gammaproteobacteria;Alteromonadales;Alteromonadaceae,Fatty.amides,-0.28539264099767775,-0.8422404924354703,0.42411515507759767,8,-0.7756430829945776,0.4196388663690869,Pearson's product-moment correlation,two.sided,0.6088524312156923
Bacteria;Proteobacteria;Gammaproteobacteria;Cellvibrionales;Cellvibrionaceae,Fatty.amides,-0.5481122283867026,-1.8535229580416133,0.1009294082524917,8,-0.8755731062160097,0.12446908413852757,Pearson's product-moment correlation,two.sided,0.22816018870256524
Bacteria;Proteobacteria;Gammaproteobacteria;Oceanospirillales;Marinomonadaceae,Fatty.amides,-0.6058753869865167,-2.1540491275688693,0.0633742631931163,8,-0.8943351253224254,0.038399282830112985,Pearson's product-moment correlation,two.sided,0.1724369486882467
Bacteria;Proteobacteria;Gammaproteobacteria;Oceanospirillales;Nitrincolaceae,Fatty.amides,0.773944987705111,3.456829353442174,0.008607844681003013,8,0.28148545925449564,0.9437066834692602,Pearson's product-moment correlation,two.sided,0.04196324281988969
Bacteria;Proteobacteria;Gammaproteobacteria;Oceanospirillales;Oleiphilaceae,Fatty.amides,0.9056670431360189,6.041688392963607,3.0874652406081844e-4,8,0.6423014456776086,0.9777494975856345,Pearson's product-moment correlation,two.sided,0.00381341627143464
Bacteria;Proteobacteria;Gammaproteobacteria;Oceanospirillales;Pseudohongiellaceae,Fatty.amides,0.9270246722356178,6.992051551196833,1.1353610837037271e-4,8,0.7143489130207087,0.9829333216099385,Pearson's product-moment correlation,two.sided,0.0020677657082370923
Bacteria;Bacteroidetes;Bacteroidia;Flavobacteriales;Flavobacteriaceae,Glycosylamines,0.41538982136823144,1.2916047205979426,0.23255839962603791,8,-0.29011264310848695,0.828365193722143,Pearson's product-moment correlation,two.sided,0.4031012260184657
Bacteria;Proteobacteria;Alphaproteobacteria,Glycosylamines,-0.35051957760176466,-1.0585802786131513,0.320704142043374,8,-0.8029399630120504,0.35814886911584415,Pearson's product-moment correlation,two.sided,0.5117494340944531
Bacteria;Proteobacteria;Alphaproteobacteria;Caulobacterales;Hyphomonadaceae,Glycosylamines,0.03426085586637224,0.09696125762352938,0.9251422874919906,8,-0.6084915416746386,0.6498684946738363,Pearson's product-moment correlation,two.sided,0.9652909153710978
Bacteria;Proteobacteria;Alphaproteobacteria;Rhodobacterales;Rhodobacteraceae,Glycosylamines,0.8326355680395903,4.252362825709292,0.0027901797933738144,8,0.4267135020232237,0.9593325148390245,Pearson's product-moment correlation,two.sided,0.01948257160356907
Bacteria;Proteobacteria;Betaproteobacteria;Burkholderiales;Burkholderiaceae,Glycosylamines,-0.7617634876822656,-3.3257314869452452,0.010450553702741455,8,-0.9403656606616276,-0.2539275025393651,Pearson's product-moment correlation,two.sided,0.048908591328830006
Bacteria;Proteobacteria;Betaproteobacteria;Methylophilales;Methylophilaceae,Glycosylamines,-0.9060739869736725,-6.05683627992465,3.036067800097003e-4,8,-0.9778490987120182,-0.6436320626656757,Pearson's product-moment correlation,two.sided,0.00381341627143464
Bacteria;Proteobacteria;Gammaproteobacteria;Alteromonadales,Glycosylamines,0.015729872320556143,0.04449630271605549,0.9655994168390433,8,-0.6200372405107654,0.6390272839897129,Pearson's product-moment correlation,two.sided,0.978139669005784
Bacteria;Proteobacteria;Gammaproteobacteria;Alteromonadales;Alteromonadaceae,Glycosylamines,0.03498963470110503,0.09902626810734406,0.9235538110383411,8,-0.608031846992288,0.6502897945397551,Pearson's product-moment correlation,two.sided,0.9652909153710978
Bacteria;Proteobacteria;Gammaproteobacteria;Cellvibrionales;Cellvibrionaceae,Glycosylamines,0.1139435844595673,0.32439383009323586,0.7539593467325186,8,-0.5555380593493349,0.693795680128901,Pearson's product-moment correlation,two.sided,0.8910428643202494
Bacteria;Proteobacteria;Gammaproteobacteria;Oceanospirillales;Marinomonadaceae,Glycosylamines,0.856937921427376,4.7025497335347515,0.0015363897974280836,8,0.4936734574272533,0.9655831841535537,Pearson's product-moment correlation,two.sided,0.014380608503926862
Bacteria;Proteobacteria;Gammaproteobacteria;Oceanospirillales;Nitrincolaceae,Glycosylamines,-0.5878102738707757,-2.055106253474292,0.07391971513679073,8,-0.8885744516684643,0.06638526775890055,Pearson's product-moment correlation,two.sided,0.1840129078937131
Bacteria;Proteobacteria;Gammaproteobacteria;Oceanospirillales;Oleiphilaceae,Glycosylamines,-0.5098689879151028,-1.6764008298612232,0.13218502376514732,8,-0.8625829399328894,0.17638006101015005,Pearson's product-moment correlation,two.sided,0.2737282793012785
Bacteria;Proteobacteria;Gammaproteobacteria;Oceanospirillales;Pseudohongiellaceae,Glycosylamines,-0.6900201134026581,-2.696460417614847,0.027222850638090525,8,-0.919963740573605,-0.10678866023415046,Pearson's product-moment correlation,two.sided,0.10274430724698683
Bacteria;Bacteroidetes;Bacteroidia;Flavobacteriales;Flavobacteriaceae,Guanidines,-0.30118020491862235,-0.8933468180388192,0.39774824845613677,8,-0.7824329749182977,0.4053043571794748,Pearson's product-moment correlation,two.sided,0.5874557631972994
Bacteria;Proteobacteria;Alphaproteobacteria,Guanidines,0.0908464457723465,0.25801948464023494,0.8029054001552904,8,-0.5714673962581164,0.6814918798054335,Pearson's product-moment correlation,two.sided,0.9076321914798935
Bacteria;Proteobacteria;Alphaproteobacteria;Caulobacterales;Hyphomonadaceae,Guanidines,-0.7538690036112149,-3.2453321282258227,0.011783145463829012,8,-0.9381818789807574,-0.23649769390249767,Pearson's product-moment correlation,two.sided,0.05106029700992571
Bacteria;Proteobacteria;Alphaproteobacteria;Rhodobacterales;Rhodobacteraceae,Guanidines,0.054567117542572326,0.15456940757217083,0.880989215231045,8,-0.5955193780028918,0.6614674518988161,Pearson's product-moment correlation,two.sided,0.9544049831669653
Bacteria;Proteobacteria;Betaproteobacteria;Burkholderiales;Burkholderiaceae,Guanidines,-0.01856653086166574,-0.05252313306582813,0.9593997112417205,8,-0.6407030281398316,0.618287536069414,Pearson's product-moment correlation,two.sided,0.9760849236111416
Bacteria;Proteobacteria;Betaproteobacteria;Methylophilales;Methylophilaceae,Guanidines,0.10065146833734259,0.28613842661952854,0.7820419193165838,8,-0.5647656171245818,0.6867561035351639,Pearson's product-moment correlation,two.sided,0.8945884341242294
Bacteria;Proteobacteria;Gammaproteobacteria;Alteromonadales,Guanidines,0.5883417242339993,2.0579472795393476,0.07359427136846226,8,-0.06557639625112176,0.888745287818146,Pearson's product-moment correlation,two.sided,0.1840129078937131
Bacteria;Proteobacteria;Gammaproteobacteria;Alteromonadales;Alteromonadaceae,Guanidines,-0.0073866487751433315,-0.020893167756933825,0.9838425874137334,8,-0.6340640262205954,0.6251471034790663,Pearson's product-moment correlation,two.sided,0.9838425874137334
Bacteria;Proteobacteria;Gammaproteobacteria;Cellvibrionales;Cellvibrionaceae,Guanidines,0.2895725047862363,0.8556961010801657,0.41705654130512815,8,-0.41587763023638297,0.7774518648478271,Pearson's product-moment correlation,two.sided,0.6061567122074534
Bacteria;Proteobacteria;Gammaproteobacteria;Oceanospirillales;Marinomonadaceae,Guanidines,-0.5217700149694132,-1.7299406279852465,0.1218928695519309,8,-0.8666758556401213,0.16062474737162274,Pearson's product-moment correlation,two.sided,0.25870137872329696
Bacteria;Proteobacteria;Gammaproteobacteria;Oceanospirillales;Nitrincolaceae,Guanidines,0.10909753840265358,0.31042736246139147,0.7641693949958528,8,-0.5589214566201857,0.6912419589420629,Pearson's product-moment correlation,two.sided,0.8936753073490946
Bacteria;Proteobacteria;Gammaproteobacteria;Oceanospirillales;Oleiphilaceae,Guanidines,-0.25172579812717144,-0.7356779378598635,0.48293566935956056,8,-0.7607745228530247,0.4490759844377701,Pearson's product-moment correlation,two.sided,0.6608593370183461
Bacteria;Proteobacteria;Gammaproteobacteria;Oceanospirillales;Pseudohongiellaceae,Guanidines,-0.03523135977837292,-0.09971123607555339,0.9230269905620562,8,-0.6504294498908513,0.6078792778342264,Pearson's product-moment correlation,two.sided,0.9652909153710978
Bacteria;Bacteroidetes;Bacteroidia;Flavobacteriales;Flavobacteriaceae,Heteroaromatic.compounds,0.46270209710147275,1.4762535214149175,0.17811888532916204,8,-0.235545549008756,0.8458944630132321,Pearson's product-moment correlation,two.sided,0.3416378620247862
Bacteria;Proteobacteria;Alphaproteobacteria,Heteroaromatic.compounds,-0.3540434494850704,-1.0707389553979718,0.31552416642613046,8,-0.8043647316117246,0.3546367189712855,Pearson's product-moment correlation,two.sided,0.5091907237497554
Bacteria;Proteobacteria;Alphaproteobacteria;Caulobacterales;Hyphomonadaceae,Heteroaromatic.compounds,-0.0199489478213563,-0.05643537577124091,0.956379038824328,8,-0.6415175426770604,0.6174325412763956,Pearson's product-moment correlation,two.sided,0.9760849236111416
Bacteria;Proteobacteria;Alphaproteobacteria;Rhodobacterales;Rhodobacteraceae,Heteroaromatic.compounds,0.8636979748928799,4.846943686312095,0.001276804591437212,8,0.51309786489631,0.9672998719448919,Pearson's product-moment correlation,two.sided,0.012448844766512817
Bacteria;Proteobacteria;Betaproteobacteria;Burkholderiales;Burkholderiaceae,Heteroaromatic.compounds,-0.8051450467891911,-3.8397888395637545,0.004948672031850807,8,-0.9521088257645822,-0.3559788329065599,Pearson's product-moment correlation,two.sided,0.02720976298350914
Bacteria;Proteobacteria;Betaproteobacteria;Methylophilales;Methylophilaceae,Heteroaromatic.compounds,-0.9219233760675147,-6.731491053879902,1.478358886247285e-4,8,-0.9817031774044692,-0.6967204443247678,Pearson's product-moment correlation,two.sided,0.0023062398625457647
Bacteria;Proteobacteria;Gammaproteobacteria;Alteromonadales,Heteroaromatic.compounds,0.13425998556361812,0.3832141514602735,0.7115433175329628,8,-0.5411081439635453,0.7043454193335267,Pearson's product-moment correlation,two.sided,0.8671934182432984
Bacteria;Proteobacteria;Gammaproteobacteria;Alteromonadales;Alteromonadaceae,Heteroaromatic.compounds,0.06444913403398103,0.18266944985505532,0.8596016589530552,8,-0.5890814248079848,0.667008964480516,Pearson's product-moment correlation,two.sided,0.944351118286455
Bacteria;Proteobacteria;Gammaproteobacteria;Cellvibrionales;Cellvibrionaceae,Heteroaromatic.compounds,0.19091323075131134,0.5501022367592592,0.5972687768779223,8,-0.498653171002678,0.7324911691131649,Pearson's product-moment correlation,two.sided,0.7637207310898024
Bacteria;Proteobacteria;Gammaproteobacteria;Oceanospirillales;Marinomonadaceae,Heteroaromatic.compounds,0.8455923695530191,4.480265765127158,0.002055071684015248,8,0.4618678195726578,0.9626805946140606,Pearson's product-moment correlation,two.sided,0.016582302553778207
Bacteria;Proteobacteria;Gammaproteobacteria;Oceanospirillales;Nitrincolaceae,Heteroaromatic.compounds,-0.6447890852521403,-2.3859668865105834,0.04413275406485745,8,-0.9064274460740824,-0.025525549654812588,Pearson's product-moment correlation,two.sided,0.13955492501590058
Bacteria;Proteobacteria;Gammaproteobacteria;Oceanospirillales;Oleiphilaceae,Heteroaromatic.compounds,-0.5837197920520274,-2.033374435230731,0.07645590826796261,8,-0.8872567571822869,0.07258236691710403,Pearson's product-moment correlation,two.sided,0.18832297404950793
Bacteria;Proteobacteria;Gammaproteobacteria;Oceanospirillales;Pseudohongiellaceae,Heteroaromatic.compounds,-0.7436538434568855,-3.1460982378536575,0.013678758668813577,8,-0.9353342043165409,-0.21442777969778842,Pearson's product-moment correlation,two.sided,0.05715767015182816
Bacteria;Bacteroidetes;Bacteroidia;Flavobacteriales;Flavobacteriaceae,Hydroxamic.acids,-0.23033141350578945,-0.6694763337688439,0.5220404376044954,8,-0.7510398720183394,0.4670239715576509,Pearson's product-moment correlation,two.sided,0.6992402361057539
Bacteria;Proteobacteria;Alphaproteobacteria,Hydroxamic.acids,0.5590863689807658,1.907269427912772,0.09292139639321144,8,-0.10886051974829787,0.8792152790467359,Pearson's product-moment correlation,two.sided,0.21743606756011474
Bacteria;Proteobacteria;Alphaproteobacteria;Caulobacterales;Hyphomonadaceae,Hydroxamic.acids,0.5364817676403157,1.7980544702833894,0.10987922551679546,8,-0.14065561145362984,0.8716720434991424,Pearson's product-moment correlation,two.sided,0.24029662402738447
Bacteria;Proteobacteria;Alphaproteobacteria;Rhodobacterales;Rhodobacteraceae,Hydroxamic.acids,-0.7094178552216216,-2.8470069544303342,0.02157814571259848,8,-0.9256056167577718,-0.14420198897896525,Pearson's product-moment correlation,two.sided,0.08415476827913407
Bacteria;Proteobacteria;Betaproteobacteria;Burkholderiales;Burkholderiaceae,Hydroxamic.acids,0.9760445190517864,12.688603043123482,1.3997743828434849e-6,8,0.8987214861083829,0.9945046502578978,Pearson's product-moment correlation,two.sided,1.931115085356849e-4
Bacteria;Proteobacteria;Betaproteobacteria;Methylophilales;Methylophilaceae,Hydroxamic.acids,0.7383206363578292,3.096280661864435,0.014748584940658654,8,0.20311614363210098,0.9338375332497382,Pearson's product-moment correlation,two.sided,0.06054682238796711
Bacteria;Proteobacteria;Gammaproteobacteria;Alteromonadales,Hydroxamic.acids,-0.3471768928265613,-1.0470941514283667,0.3256584020961229,8,-0.8015836568739091,0.36146200201026535,Pearson's product-moment correlation,two.sided,0.5117494340944531
Bacteria;Proteobacteria;Gammaproteobacteria;Alteromonadales;Alteromonadaceae,Hydroxamic.acids,-0.5085231015018852,-1.6704294706247704,0.13338153757021498,8,-0.8621171480527593,0.1781399682444179,Pearson's product-moment correlation,two.sided,0.2737831560651781
Bacteria;Proteobacteria;Gammaproteobacteria;Cellvibrionales;Cellvibrionaceae,Hydroxamic.acids,-0.42136108372356523,-1.3141453002907337,0.22522483190415035,8,-0.8306230674726156,0.2834697460343002,Pearson's product-moment correlation,two.sided,0.39330306466844167
Bacteria;Proteobacteria;Gammaproteobacteria;Oceanospirillales;Marinomonadaceae,Hydroxamic.acids,-0.6839822070134174,-2.6519496888060625,0.02916744073042518,8,-0.9181879436377077,-0.09547064344510904,Pearson's product-moment correlation,two.sided,0.10737826844565254
Bacteria;Proteobacteria;Gammaproteobacteria;Oceanospirillales;Nitrincolaceae,Hydroxamic.acids,0.9020960465721882,5.912639997465962,3.566321466269921e-4,8,0.630692764843342,0.9768740858347336,Pearson's product-moment correlation,two.sided,0.004172596115535807
Bacteria;Proteobacteria;Gammaproteobacteria;Oceanospirillales;Oleiphilaceae,Hydroxamic.acids,0.9376497463099629,7.630076347984074,6.129999274065065e-5,8,0.7519533468608347,0.9854795365163099,Pearson's product-moment correlation,two.sided,0.0017930247876640317
Bacteria;Proteobacteria;Gammaproteobacteria;Oceanospirillales;Pseudohongiellaceae,Hydroxamic.acids,0.9750293748561163,12.418273091285819,1.650525713980213e-6,8,0.8946044454680061,0.994269509199431,Pearson's product-moment correlation,two.sided,1.931115085356849e-4
Bacteria;Bacteroidetes;Bacteroidia;Flavobacteriales;Flavobacteriaceae,Imidazoles,0.44166931278369664,1.3923988075742038,0.20128286000122753,8,-0.2603594719463081,0.8382026697260924,Pearson's product-moment correlation,two.sided,0.3595434293151698
Bacteria;Proteobacteria;Alphaproteobacteria,Imidazoles,-0.35558833234282433,-1.0760857670589006,0.3132671468677817,8,-0.8049877284311131,0.35309064345966185,Pearson's product-moment correlation,two.sided,0.5090591136601452
Bacteria;Proteobacteria;Alphaproteobacteria;Caulobacterales;Hyphomonadaceae,Imidazoles,-0.03300570791770817,-0.09340513009818907,0.9278786155202534,8,-0.6491420181032747,0.6092822463219874,Pearson's product-moment correlation,two.sided,0.9652909153710978
Bacteria;Proteobacteria;Alphaproteobacteria;Rhodobacterales;Rhodobacteraceae,Imidazoles,0.8698644671858441,4.98762246789169,0.0010692430720741863,8,0.5311355615141709,0.9688575923678481,Pearson's product-moment correlation,two.sided,0.010878386037624331
Bacteria;Proteobacteria;Betaproteobacteria;Burkholderiales;Burkholderiaceae,Imidazoles,-0.8046069666563843,-3.8325067614163455,0.0050000846508157825,8,-0.9519657781689767,-0.3546438424952392,Pearson's product-moment correlation,two.sided,0.02720976298350914
Bacteria;Proteobacteria;Betaproteobacteria;Methylophilales;Methylophilaceae,Imidazoles,-0.9251667890334563,-6.89419649214001,1.2525993730008652e-4,8,-0.9824858833669886,-0.7078972509246733,Pearson's product-moment correlation,two.sided,0.0020936303805871607
Bacteria;Proteobacteria;Gammaproteobacteria;Alteromonadales,Imidazoles,0.10026042542531718,0.2850154343337714,0.7828716893745751,8,-0.5650345877882993,0.6865473268267529,Pearson's product-moment correlation,two.sided,0.8945884341242294
Bacteria;Proteobacteria;Gammaproteobacteria;Alteromonadales;Alteromonadaceae,Imidazoles,0.062460256638458035,0.17700990443885217,0.8638999814926371,8,-0.5903838450608996,0.6658989998940907,Pearson's product-moment correlation,two.sided,0.9446382975199864
Bacteria;Proteobacteria;Gammaproteobacteria;Cellvibrionales;Cellvibrionaceae,Imidazoles,0.18474082429671465,0.5316775784526141,0.6093916099556334,8,-0.5034450355008789,0.7295119821277658,Pearson's product-moment correlation,two.sided,0.7707980363763146
Bacteria;Proteobacteria;Gammaproteobacteria;Oceanospirillales;Marinomonadaceae,Imidazoles,0.8299773372678714,4.208573973616874,0.0029616303777694596,8,0.41964972927004035,0.9586411838879421,Pearson's product-moment correlation,two.sided,0.019800614525658674
Bacteria;Proteobacteria;Gammaproteobacteria;Oceanospirillales;Nitrincolaceae,Imidazoles,-0.6393999595700275,-2.3521350438991333,0.04652593511916356,8,-0.9047779931019467,-0.016359862021098823,Pearson's product-moment correlation,two.sided,0.1448711223608544
Bacteria;Proteobacteria;Gammaproteobacteria;Oceanospirillales;Oleiphilaceae,Imidazoles,-0.5926801804991063,-2.081293552256661,0.0709723254416245,8,-0.8901367821626979,0.05894093262447247,Pearson's product-moment correlation,two.sided,0.18250026542132017
Bacteria;Proteobacteria;Gammaproteobacteria;Oceanospirillales;Pseudohongiellaceae,Imidazoles,-0.7460650629527655,-3.1690585066399395,0.013213375945645211,8,-0.9360086258482505,-0.21958896100411626,Pearson's product-moment correlation,two.sided,0.05621690856874508
Bacteria;Bacteroidetes;Bacteroidia;Flavobacteriales;Flavobacteriaceae,Isoleucine.and.derivatives,-0.44894053884479945,-1.4210498191567633,0.19308695324447342,8,-0.8408797559444832,0.25188468951454873,Pearson's product-moment correlation,two.sided,0.3595434293151698
Bacteria;Proteobacteria;Alphaproteobacteria,Isoleucine.and.derivatives,0.5176434099928808,1.711223377482893,0.12540314399353442,8,-0.1661274728428434,0.8652619026214612,Pearson's product-moment correlation,two.sided,0.26200299727220583
Bacteria;Proteobacteria;Alphaproteobacteria;Caulobacterales;Hyphomonadaceae,Isoleucine.and.derivatives,0.2994369618310081,0.8876651775086186,0.4006201180898279,8,-0.4069044037731507,0.7816888215257354,Pearson's product-moment correlation,two.sided,0.5874557631972994
Bacteria;Proteobacteria;Alphaproteobacteria;Rhodobacterales;Rhodobacteraceae,Isoleucine.and.derivatives,-0.6382399610682574,-2.3449302677612236,0.04705215939925186,8,-0.9044219073135977,-0.014400566854269964,Pearson's product-moment correlation,two.sided,0.1448711223608544
Bacteria;Proteobacteria;Betaproteobacteria;Burkholderiales;Burkholderiaceae,Isoleucine.and.derivatives,0.9277126287709773,7.029203231367015,1.09407683094743e-4,8,0.7167471100455444,0.9830988360991482,Pearson's product-moment correlation,two.sided,0.0020677657082370923
Bacteria;Proteobacteria;Betaproteobacteria;Methylophilales;Methylophilaceae,Isoleucine.and.derivatives,0.7545742342855248,3.2523779954670586,0.011659503980786723,8,0.23804130760453748,0.9383775593730187,Pearson's product-moment correlation,two.sided,0.05106029700992571
Bacteria;Proteobacteria;Gammaproteobacteria;Alteromonadales,Isoleucine.and.derivatives,-0.24265366677316308,-0.7074724549591006,0.4993606374055941,8,-0.7566743973278878,0.45675639145900077,Pearson's product-moment correlation,two.sided,0.6754357754503412
Bacteria;Proteobacteria;Gammaproteobacteria;Alteromonadales;Alteromonadaceae,Isoleucine.and.derivatives,-0.44294935789752854,-1.39741752600541,0.19982562800081005,8,-0.8386753408717031,0.25887535414621715,Pearson's product-moment correlation,two.sided,0.3595434293151698
Bacteria;Proteobacteria;Gammaproteobacteria;Cellvibrionales;Cellvibrionaceae,Isoleucine.and.derivatives,-0.4609787012532225,-1.4692677569264698,0.17995443565309432,8,-0.8452701473784048,0.23761359368560944,Pearson's product-moment correlation,two.sided,0.34235234099856965
Bacteria;Proteobacteria;Gammaproteobacteria;Oceanospirillales;Marinomonadaceae,Isoleucine.and.derivatives,-0.8059984955675443,-3.851394303171344,0.004867902197601957,8,-0.9523355816572677,-0.35810002757303117,Pearson's product-moment correlation,two.sided,0.02720976298350914
Bacteria;Proteobacteria;Gammaproteobacteria;Oceanospirillales;Nitrincolaceae,Isoleucine.and.derivatives,0.8846079816022462,5.365342480407925,6.733480875813222e-4,8,0.5755436239703269,0.972550465655933,Pearson's product-moment correlation,two.sided,0.007161975113364973
Bacteria;Proteobacteria;Gammaproteobacteria;Oceanospirillales;Oleiphilaceae,Isoleucine.and.derivatives,0.8475653895141472,4.517274746584196,0.001956930297906753,8,0.46732890965831586,0.9631873044739041,Pearson's product-moment correlation,two.sided,0.016354346061077867
Bacteria;Proteobacteria;Gammaproteobacteria;Oceanospirillales;Pseudohongiellaceae,Isoleucine.and.derivatives,0.9293757972292563,7.121166818746049,9.988547472980676e-5,8,0.7225655571552176,0.9834986017672772,Pearson's product-moment correlation,two.sided,0.0020677657082370923
