MassiveID	filename	SampleType	SampleTypeSub1	NCBITaxonomy	YearOfAnalysis	SampleCollectionMethod	SampleExtractionMethod	InternalStandardsUsed	MassSpectrometer	IonizationSourceAndPolarity	ChromatographyAndPhase	SubjectIdentifierAsRecorded	AgeInYears	BiologicalSex	UBERONBodyPartName	TermsofPosition	HealthStatus	DOIDCommonName	ComorbidityListDOIDIndex	SampleCollectionDateandTime	Country	HumanPopulationDensity	LatitudeandLongitude	DepthorAltitudeMeters	qiita_sample_name	UniqueSubjectID	LifeStage	UBERONOntologyIndex	DOIDOntologyIndex	ATTRIBUTE_Sample	ATTRIBUTE_Group1	ATTRIBUTE_Group11	ATTRIBUTE_Group2	ATTRIBUTE_Group3	ATTRIBUTE_GroupDetails	SampleVolume in ml	FilUnfil	Experiment	DOC	TOC	Chlorophyll
	Blank_Fieldtrip.mzXML	blank_analysis	blank_analysis	not applicable	2017	liquid, solid phase extraction (PPL)	methanol (100%)	none	Q Exactive|MS:1001911	electrospray ionization (positive)	reverse phase (C18)	Pseudo-nitzschia		not applicable	not applicable	not applicable	not applicable	not applicable	not applicable		United States of America	not applicable				_Pseudo-nitzschia	not applicable	not applicable	not applicable	Procedure_Blank	Procedure_Blank	Procedure_Blank	Procedure_Blank	Procedure_Blank	Procedure_Blank	500	unfiltered	Field			
	Goleta_I.mzXML	environmental	dissolvedorganicmatter_water_saline	not applicable	2017	liquid, solid phase extraction (PPL)	methanol (100%)	none	Q Exactive|MS:1001911	electrospray ionization (positive)	reverse phase (C18)	Pseudo-nitzschia		not applicable	not applicable	not applicable	not applicable	not applicable	not applicable		United States of America	not applicable				_Pseudo-nitzschia	not applicable	not applicable	not applicable	Environmental	Environmental	Piers	Environmental	Environmental	Environmental	500	unfiltered	Field	74.69	131.84	
	Goleta_II.mzXML	environmental	dissolvedorganicmatter_water_saline	not applicable	2017	liquid, solid phase extraction (PPL)	methanol (100%)	none	Q Exactive|MS:1001911	electrospray ionization (positive)	reverse phase (C18)	Pseudo-nitzschia		not applicable	not applicable	not applicable	not applicable	not applicable	not applicable		United States of America	not applicable				_Pseudo-nitzschia	not applicable	not applicable	not applicable	Environmental	Environmental	Piers	Environmental	Environmental	Environmental	500	unfiltered	Field	74.69	131.84	
	Goleta_III.mzXML	environmental	dissolvedorganicmatter_water_saline	not applicable	2017	liquid, solid phase extraction (PPL)	methanol (100%)	none	Q Exactive|MS:1001911	electrospray ionization (positive)	reverse phase (C18)	Pseudo-nitzschia		not applicable	not applicable	not applicable	not applicable	not applicable	not applicable		United States of America	not applicable				_Pseudo-nitzschia	not applicable	not applicable	not applicable	Environmental	Environmental	Piers	Environmental	Environmental	Environmental	500	unfiltered	Field	74.69	131.84	
	Media_Blank_100mL.mzXML	blank_culturemedia	blank_culturemedia	not applicable	2017	liquid, solid phase extraction (PPL)	methanol (100%)	none	Q Exactive|MS:1001911	electrospray ionization (positive)	reverse phase (C18)	Pseudo-nitzschia		not applicable	not applicable	not applicable	not applicable	not applicable	not applicable		United States of America	not applicable				_Pseudo-nitzschia	not applicable	not applicable	not applicable	Media_Blank	Media_Blank	Media_Blank	Media_Blank	Media_Blank_1	Media_Blank_1	100	filtered	Experiment_1	1341.939		
	Media_Blank_A_DOM_I.mzXML	blank_culturemedia	blank_culturemedia	not applicable	2017	liquid, solid phase extraction (PPL)	methanol (100%)	none	Q Exactive|MS:1001911	electrospray ionization (positive)	reverse phase (C18)	Pseudo-nitzschia		not applicable	not applicable	not applicable	not applicable	not applicable	not applicable		United States of America	not applicable				_Pseudo-nitzschia	not applicable	not applicable	not applicable	Media_Blank	Media_Blank	Media_Blank	Media_Blank	Media_Blank_2	Media_Blank_2_DOM	50	filtered	Experiment_2	1379.171		
	Media_Blank_A_DOM_II.mzXML	blank_culturemedia	blank_culturemedia	not applicable	2017	liquid, solid phase extraction (PPL)	methanol (100%)	none	Q Exactive|MS:1001911	electrospray ionization (positive)	reverse phase (C18)	Pseudo-nitzschia		not applicable	not applicable	not applicable	not applicable	not applicable	not applicable		United States of America	not applicable				_Pseudo-nitzschia	not applicable	not applicable	not applicable	Media_Blank	Media_Blank	Media_Blank	Media_Blank	Media_Blank_2	Media_Blank_2_DOM	50	filtered	Experiment_2	1379.171		
	Media_Blank_A_Unfil_I.mzXML	blank_culturemedia	blank_culturemedia	not applicable	2017	liquid, solid phase extraction (PPL)	methanol (100%)	none	Q Exactive|MS:1001911	electrospray ionization (positive)	reverse phase (C18)	Pseudo-nitzschia		not applicable	not applicable	not applicable	not applicable	not applicable	not applicable		United States of America	not applicable				_Pseudo-nitzschia	not applicable	not applicable	not applicable	Media_Blank	Media_Blank	Media_Blank	Media_Blank	Media_Blank_2	Media_Blank_2	50	unfiltered	Experiment_2	1395.021		
	Media_Blank_A_Unfil_II.mzXML	blank_culturemedia	blank_culturemedia	not applicable	2017	liquid, solid phase extraction (PPL)	methanol (100%)	none	Q Exactive|MS:1001911	electrospray ionization (positive)	reverse phase (C18)	Pseudo-nitzschia		not applicable	not applicable	not applicable	not applicable	not applicable	not applicable		United States of America	not applicable				_Pseudo-nitzschia	not applicable	not applicable	not applicable	Media_Blank	Media_Blank	Media_Blank	Media_Blank	Media_Blank_2	Media_Blank_2	50	unfiltered	Experiment_2	1395.021		
	Newport_Beach_I.mzXML	environmental	dissolvedorganicmatter_water_saline	not applicable	2017	liquid, solid phase extraction (PPL)	methanol (100%)	none	Q Exactive|MS:1001911	electrospray ionization (positive)	reverse phase (C18)	Pseudo-nitzschia		not applicable	not applicable	not applicable	not applicable	not applicable	not applicable		United States of America	not applicable				_Pseudo-nitzschia	not applicable	not applicable	not applicable	Environmental	Environmental	Piers	Newport_Beach	Newport_Beach	Newport_Beach	500	unfiltered	Field	87.77	86	
	Newport_Beach_II.mzXML	environmental	dissolvedorganicmatter_water_saline	not applicable	2017	liquid, solid phase extraction (PPL)	methanol (100%)	none	Q Exactive|MS:1001911	electrospray ionization (positive)	reverse phase (C18)	Pseudo-nitzschia		not applicable	not applicable	not applicable	not applicable	not applicable	not applicable		United States of America	not applicable				_Pseudo-nitzschia	not applicable	not applicable	not applicable	Environmental	Environmental	Piers	Newport_Beach	Newport_Beach	Newport_Beach	500	unfiltered	Field	87.77	86	
	Newport_Beach_III.mzXML	environmental	dissolvedorganicmatter_water_saline	not applicable	2017	liquid, solid phase extraction (PPL)	methanol (100%)	none	Q Exactive|MS:1001911	electrospray ionization (positive)	reverse phase (C18)	Pseudo-nitzschia		not applicable	not applicable	not applicable	not applicable	not applicable	not applicable		United States of America	not applicable				_Pseudo-nitzschia	not applicable	not applicable	not applicable	Environmental	Environmental	Piers	Newport_Beach	Newport_Beach	Newport_Beach	500	unfiltered	Field	87.77	86	
	Newport_Beach_Melissa_I.mzXML	environmental	dissolvedorganicmatter_water_saline	not applicable	2017	liquid, solid phase extraction (PPL)	methanol (100%)	none	Q Exactive|MS:1001911	electrospray ionization (positive)	reverse phase (C18)	Pseudo-nitzschia		not applicable	not applicable	not applicable	not applicable	not applicable	not applicable		United States of America	not applicable				_Pseudo-nitzschia	not applicable	not applicable	not applicable	Environmental	Environmental	Piers	Newport_Beach_M	Newport_Beach_M	Newport_Beach_M	500	unfiltered	Field	104.18	104.18	
	Newport_Beach_Melissa_II.mzXML	environmental	dissolvedorganicmatter_water_saline	not applicable	2017	liquid, solid phase extraction (PPL)	methanol (100%)	none	Q Exactive|MS:1001911	electrospray ionization (positive)	reverse phase (C18)	Pseudo-nitzschia		not applicable	not applicable	not applicable	not applicable	not applicable	not applicable		United States of America	not applicable				_Pseudo-nitzschia	not applicable	not applicable	not applicable	Environmental	Environmental	Piers	Newport_Beach_M	Newport_Beach_M	Newport_Beach_M	500	unfiltered	Field	104.18	104.18	
	Newport_Beach_Melissa_III.mzXML	environmental	dissolvedorganicmatter_water_saline	not applicable	2017	liquid, solid phase extraction (PPL)	methanol (100%)	none	Q Exactive|MS:1001911	electrospray ionization (positive)	reverse phase (C18)	Pseudo-nitzschia		not applicable	not applicable	not applicable	not applicable	not applicable	not applicable		United States of America	not applicable				_Pseudo-nitzschia	not applicable	not applicable	not applicable	Environmental	Environmental	Piers	Newport_Beach_M	Newport_Beach_M	Newport_Beach_M	500	unfiltered	Field	104.18	104.18	
	Pn_chubby14_100mL_DOM.mzXML	culture_multiplespecies	dissolvedorganicmatter_water_saline	not applicable	2017	liquid, solid phase extraction (PPL)	methanol (100%)	none	Q Exactive|MS:1001911	electrospray ionization (positive)	reverse phase (C18)	Pseudo-nitzschia		not applicable	not applicable	not applicable	not applicable	not applicable	not applicable		United States of America	not applicable				_Pseudo-nitzschia	not applicable	not applicable	not applicable	Culture	Pn_subpacifica	Pn_subpacifica	Pn_subpacifica	Pn_subpacifica_1	Pn_subpacifica_1_DOM_100	100	filtered	Experiment_1	1384.237		220.03
	Pn_chubby14_50mL_DOM.mzXML	culture_multiplespecies	dissolvedorganicmatter_water_saline	not applicable	2017	liquid, solid phase extraction (PPL)	methanol (100%)	none	Q Exactive|MS:1001911	electrospray ionization (positive)	reverse phase (C18)	Pseudo-nitzschia		not applicable	not applicable	not applicable	not applicable	not applicable	not applicable		United States of America	not applicable				_Pseudo-nitzschia	not applicable	not applicable	not applicable	Culture	Pn_subpacifica	Pn_subpacifica	Pn_subpacifica	Pn_subpacifica_1	Pn_subpacifica_1_DOM_50	50	filtered	Experiment_1	1384.237		220.03
	Pn_chubby14_50mL_unfil.mzXML	culture_multiplespecies	dissolvedorganicmatter_water_saline	not applicable	2017	liquid, solid phase extraction (PPL)	methanol (100%)	none	Q Exactive|MS:1001911	electrospray ionization (positive)	reverse phase (C18)	Pseudo-nitzschia		not applicable	not applicable	not applicable	not applicable	not applicable	not applicable		United States of America	not applicable				_Pseudo-nitzschia	not applicable	not applicable	not applicable	Culture	Pn_subpacifica	Pn_subpacifica	Pn_subpacifica	Pn_subpacifica_1	Pn_subpacifica_1	50	unfiltered	Experiment_1	1384.237		220.03
	Pn_delicatessima6_100mL_DOM.mzXML	culture_multiplespecies	dissolvedorganicmatter_water_saline	not applicable	2017	liquid, solid phase extraction (PPL)	methanol (100%)	none	Q Exactive|MS:1001911	electrospray ionization (positive)	reverse phase (C18)	Pseudo-nitzschia		not applicable	not applicable	not applicable	not applicable	not applicable	not applicable		United States of America	not applicable				_Pseudo-nitzschia	not applicable	not applicable	not applicable	Culture	Pn_delicatissima	Pn_delicatissima	Pn_delicatissima	Pn_delicatissima_1	Pn_delicatissima_1_DOM_100	100	filtered	Experiment_1	1376.202		386.9
	Pn_delicatessima6_50mL_DOM.mzXML	culture_multiplespecies	dissolvedorganicmatter_water_saline	not applicable	2017	liquid, solid phase extraction (PPL)	methanol (100%)	none	Q Exactive|MS:1001911	electrospray ionization (positive)	reverse phase (C18)	Pseudo-nitzschia		not applicable	not applicable	not applicable	not applicable	not applicable	not applicable		United States of America	not applicable				_Pseudo-nitzschia	not applicable	not applicable	not applicable	Culture	Pn_delicatissima	Pn_delicatissima	Pn_delicatissima	Pn_delicatissima_1	Pn_delicatissima_1_DOM_50	50	filtered	Experiment_1	1376.202		386.9
	Pn_delicatessima6_50mL_unfil.mzXML	culture_multiplespecies	dissolvedorganicmatter_water_saline	not applicable	2017	liquid, solid phase extraction (PPL)	methanol (100%)	none	Q Exactive|MS:1001911	electrospray ionization (positive)	reverse phase (C18)	Pseudo-nitzschia		not applicable	not applicable	not applicable	not applicable	not applicable	not applicable		United States of America	not applicable				_Pseudo-nitzschia	not applicable	not applicable	not applicable	Culture	Pn_delicatissima	Pn_delicatissima	Pn_delicatissima	Pn_delicatissima_1	Pn_delicatissima_1	50	unfiltered	Experiment_1	1376.202		386.9
	Pn_delicatissima_A_DOM_I.mzXML	culture_multiplespecies	dissolvedorganicmatter_water_saline	not applicable	2017	liquid, solid phase extraction (PPL)	methanol (100%)	none	Q Exactive|MS:1001911	electrospray ionization (positive)	reverse phase (C18)	Pseudo-nitzschia		not applicable	not applicable	not applicable	not applicable	not applicable	not applicable		United States of America	not applicable				_Pseudo-nitzschia	not applicable	not applicable	not applicable	Culture	Pn_delicatissima	Pn_delicatissima	Pn_delicatissima	Pn_delicatissima_2	Pn_delicatissima_2_DOM	50	filtered	Experiment_2	1396.087		260.32
	Pn_delicatissima_A_DOM_II.mzXML	culture_multiplespecies	dissolvedorganicmatter_water_saline	not applicable	2017	liquid, solid phase extraction (PPL)	methanol (100%)	none	Q Exactive|MS:1001911	electrospray ionization (positive)	reverse phase (C18)	Pseudo-nitzschia		not applicable	not applicable	not applicable	not applicable	not applicable	not applicable		United States of America	not applicable				_Pseudo-nitzschia	not applicable	not applicable	not applicable	Culture	Pn_delicatissima	Pn_delicatissima	Pn_delicatissima	Pn_delicatissima_2	Pn_delicatissima_2_DOM	50	filtered	Experiment_2	1396.087		260.32
	Pn_delicatissima_A_Unfil_I.mzXML	culture_multiplespecies	dissolvedorganicmatter_water_saline	not applicable	2017	liquid, solid phase extraction (PPL)	methanol (100%)	none	Q Exactive|MS:1001911	electrospray ionization (positive)	reverse phase (C18)	Pseudo-nitzschia		not applicable	not applicable	not applicable	not applicable	not applicable	not applicable		United States of America	not applicable				_Pseudo-nitzschia	not applicable	not applicable	not applicable	Culture	Pn_delicatissima	Pn_delicatissima	Pn_delicatissima	Pn_delicatissima_2	Pn_delicatissima_2	50	unfiltered	Experiment_2	1396.087		260.32
	Pn_delicatissima_A_Unfil_II.mzXML	culture_multiplespecies	dissolvedorganicmatter_water_saline	not applicable	2017	liquid, solid phase extraction (PPL)	methanol (100%)	none	Q Exactive|MS:1001911	electrospray ionization (positive)	reverse phase (C18)	Pseudo-nitzschia		not applicable	not applicable	not applicable	not applicable	not applicable	not applicable		United States of America	not applicable				_Pseudo-nitzschia	not applicable	not applicable	not applicable	Culture	Pn_delicatissima	Pn_delicatissima	Pn_delicatissima	Pn_delicatissima_2	Pn_delicatissima_2	50	unfiltered	Experiment_2	1396.087		260.32
	Pn_delicatissima_B_DOM_I.mzXML	culture_multiplespecies	dissolvedorganicmatter_water_saline	not applicable	2017	liquid, solid phase extraction (PPL)	methanol (100%)	none	Q Exactive|MS:1001911	electrospray ionization (positive)	reverse phase (C18)	Pseudo-nitzschia		not applicable	not applicable	not applicable	not applicable	not applicable	not applicable		United States of America	not applicable				_Pseudo-nitzschia	not applicable	not applicable	not applicable	Culture	Pn_delicatissima	Pn_delicatissima	Pn_delicatissima	Pn_delicatissima_2	Pn_delicatissima_2_DOM	50	filtered	Experiment_2	1409.616		220.79
	Pn_delicatissima_B_DOM_II.mzXML	culture_multiplespecies	dissolvedorganicmatter_water_saline	not applicable	2017	liquid, solid phase extraction (PPL)	methanol (100%)	none	Q Exactive|MS:1001911	electrospray ionization (positive)	reverse phase (C18)	Pseudo-nitzschia		not applicable	not applicable	not applicable	not applicable	not applicable	not applicable		United States of America	not applicable				_Pseudo-nitzschia	not applicable	not applicable	not applicable	Culture	Pn_delicatissima	Pn_delicatissima	Pn_delicatissima	Pn_delicatissima_2	Pn_delicatissima_2_DOM	50	filtered	Experiment_2	1409.616		220.79
	Pn_delicatissima_B_Unfil_I.mzXML	culture_multiplespecies	dissolvedorganicmatter_water_saline	not applicable	2017	liquid, solid phase extraction (PPL)	methanol (100%)	none	Q Exactive|MS:1001911	electrospray ionization (positive)	reverse phase (C18)	Pseudo-nitzschia		not applicable	not applicable	not applicable	not applicable	not applicable	not applicable		United States of America	not applicable				_Pseudo-nitzschia	not applicable	not applicable	not applicable	Culture	Pn_delicatissima	Pn_delicatissima	Pn_delicatissima	Pn_delicatissima_2	Pn_delicatissima_2	50	unfiltered	Experiment_2	1409.616		220.79
	Pn_delicatissima_B_Unfil_II.mzXML	culture_multiplespecies	dissolvedorganicmatter_water_saline	not applicable	2017	liquid, solid phase extraction (PPL)	methanol (100%)	none	Q Exactive|MS:1001911	electrospray ionization (positive)	reverse phase (C18)	Pseudo-nitzschia		not applicable	not applicable	not applicable	not applicable	not applicable	not applicable		United States of America	not applicable				_Pseudo-nitzschia	not applicable	not applicable	not applicable	Culture	Pn_delicatissima	Pn_delicatissima	Pn_delicatissima	Pn_delicatissima_2	Pn_delicatissima_2	50	unfiltered	Experiment_2	1409.616		220.79
	Pn_galaxiae_A_DOM_I.mzXML	culture_multiplespecies	dissolvedorganicmatter_water_saline	not applicable	2017	liquid, solid phase extraction (PPL)	methanol (100%)	none	Q Exactive|MS:1001911	electrospray ionization (positive)	reverse phase (C18)	Pseudo-nitzschia		not applicable	not applicable	not applicable	not applicable	not applicable	not applicable		United States of America	not applicable				_Pseudo-nitzschia	not applicable	not applicable	not applicable	Culture	Pn_galaxiae	Pn_galaxiae	Pn_galaxiae	Pn_galaxiae_2	Pn_galaxiae_2_DOM	50	filtered	Experiment_2	1492.583		156.37
	Pn_galaxiae_A_DOM_II.mzXML	culture_multiplespecies	dissolvedorganicmatter_water_saline	not applicable	2017	liquid, solid phase extraction (PPL)	methanol (100%)	none	Q Exactive|MS:1001911	electrospray ionization (positive)	reverse phase (C18)	Pseudo-nitzschia		not applicable	not applicable	not applicable	not applicable	not applicable	not applicable		United States of America	not applicable				_Pseudo-nitzschia	not applicable	not applicable	not applicable	Culture	Pn_galaxiae	Pn_galaxiae	Pn_galaxiae	Pn_galaxiae_2	Pn_galaxiae_2_DOM	50	filtered	Experiment_2	1492.583		156.37
	Pn_galaxiae_A_Unfil_I.mzXML	culture_multiplespecies	dissolvedorganicmatter_water_saline	not applicable	2017	liquid, solid phase extraction (PPL)	methanol (100%)	none	Q Exactive|MS:1001911	electrospray ionization (positive)	reverse phase (C18)	Pseudo-nitzschia		not applicable	not applicable	not applicable	not applicable	not applicable	not applicable		United States of America	not applicable				_Pseudo-nitzschia	not applicable	not applicable	not applicable	Culture	Pn_galaxiae	Pn_galaxiae	Pn_galaxiae	Pn_galaxiae_2	Pn_galaxiae_2	50	unfiltered	Experiment_2	1492.583		156.37
	Pn_galaxiae_A_Unfil_II.mzXML	culture_multiplespecies	dissolvedorganicmatter_water_saline	not applicable	2017	liquid, solid phase extraction (PPL)	methanol (100%)	none	Q Exactive|MS:1001911	electrospray ionization (positive)	reverse phase (C18)	Pseudo-nitzschia		not applicable	not applicable	not applicable	not applicable	not applicable	not applicable		United States of America	not applicable				_Pseudo-nitzschia	not applicable	not applicable	not applicable	Culture	Pn_galaxiae	Pn_galaxiae	Pn_galaxiae	Pn_galaxiae_2	Pn_galaxiae_2	50	unfiltered	Experiment_2	1492.583		156.37
	Pn_galaxiae_B_DOM_I.mzXML	culture_multiplespecies	dissolvedorganicmatter_water_saline	not applicable	2017	liquid, solid phase extraction (PPL)	methanol (100%)	none	Q Exactive|MS:1001911	electrospray ionization (positive)	reverse phase (C18)	Pseudo-nitzschia		not applicable	not applicable	not applicable	not applicable	not applicable	not applicable		United States of America	not applicable				_Pseudo-nitzschia	not applicable	not applicable	not applicable	Culture	Pn_galaxiae	Pn_galaxiae	Pn_galaxiae	Pn_galaxiae_2	Pn_galaxiae_2_DOM	50	filtered	Experiment_2	1471.067		193.17
	Pn_galaxiae_B_DOM_II.mzXML	culture_multiplespecies	dissolvedorganicmatter_water_saline	not applicable	2017	liquid, solid phase extraction (PPL)	methanol (100%)	none	Q Exactive|MS:1001911	electrospray ionization (positive)	reverse phase (C18)	Pseudo-nitzschia		not applicable	not applicable	not applicable	not applicable	not applicable	not applicable		United States of America	not applicable				_Pseudo-nitzschia	not applicable	not applicable	not applicable	Culture	Pn_galaxiae	Pn_galaxiae	Pn_galaxiae	Pn_galaxiae_2	Pn_galaxiae_2_DOM	50	filtered	Experiment_2	1471.067		193.17
	Pn_galaxiae_B_Unfil_I.mzXML	culture_multiplespecies	dissolvedorganicmatter_water_saline	not applicable	2017	liquid, solid phase extraction (PPL)	methanol (100%)	none	Q Exactive|MS:1001911	electrospray ionization (positive)	reverse phase (C18)	Pseudo-nitzschia		not applicable	not applicable	not applicable	not applicable	not applicable	not applicable		United States of America	not applicable				_Pseudo-nitzschia	not applicable	not applicable	not applicable	Culture	Pn_galaxiae	Pn_galaxiae	Pn_galaxiae	Pn_galaxiae_2	Pn_galaxiae_2	50	unfiltered	Experiment_2	1471.067		193.17
	Pn_galaxiae_B_Unfil_II.mzXML	culture_multiplespecies	dissolvedorganicmatter_water_saline	not applicable	2017	liquid, solid phase extraction (PPL)	methanol (100%)	none	Q Exactive|MS:1001911	electrospray ionization (positive)	reverse phase (C18)	Pseudo-nitzschia		not applicable	not applicable	not applicable	not applicable	not applicable	not applicable		United States of America	not applicable				_Pseudo-nitzschia	not applicable	not applicable	not applicable	Culture	Pn_galaxiae	Pn_galaxiae	Pn_galaxiae	Pn_galaxiae_2	Pn_galaxiae_2	50	unfiltered	Experiment_2	1471.067		193.17
	Pn_hasleana_A_DOM_I.mzXML	culture_multiplespecies	dissolvedorganicmatter_water_saline	not applicable	2017	liquid, solid phase extraction (PPL)	methanol (100%)	none	Q Exactive|MS:1001911	electrospray ionization (positive)	reverse phase (C18)	Pseudo-nitzschia		not applicable	not applicable	not applicable	not applicable	not applicable	not applicable		United States of America	not applicable				_Pseudo-nitzschia	not applicable	not applicable	not applicable	Culture	Pn_hasleana	Pn_hasleana	Pn_hasleana	Pn_hasleana_2	Pn_hasleana_2_DOM	50	filtered	Experiment_2	1523.879		222.42
	Pn_hasleana_A_DOM_II.mzXML	culture_multiplespecies	dissolvedorganicmatter_water_saline	not applicable	2017	liquid, solid phase extraction (PPL)	methanol (100%)	none	Q Exactive|MS:1001911	electrospray ionization (positive)	reverse phase (C18)	Pseudo-nitzschia		not applicable	not applicable	not applicable	not applicable	not applicable	not applicable		United States of America	not applicable				_Pseudo-nitzschia	not applicable	not applicable	not applicable	Culture	Pn_hasleana	Pn_hasleana	Pn_hasleana	Pn_hasleana_2	Pn_hasleana_2_DOM	50	filtered	Experiment_2	1523.879		222.42
	Pn_hasleana_A_Unfil_I.mzXML	culture_multiplespecies	dissolvedorganicmatter_water_saline	not applicable	2017	liquid, solid phase extraction (PPL)	methanol (100%)	none	Q Exactive|MS:1001911	electrospray ionization (positive)	reverse phase (C18)	Pseudo-nitzschia		not applicable	not applicable	not applicable	not applicable	not applicable	not applicable		United States of America	not applicable				_Pseudo-nitzschia	not applicable	not applicable	not applicable	Culture	Pn_hasleana	Pn_hasleana	Pn_hasleana	Pn_hasleana_2	Pn_hasleana_2	50	unfiltered	Experiment_2	1523.879		222.42
	Pn_hasleana_A_Unfil_II.mzXML	culture_multiplespecies	dissolvedorganicmatter_water_saline	not applicable	2017	liquid, solid phase extraction (PPL)	methanol (100%)	none	Q Exactive|MS:1001911	electrospray ionization (positive)	reverse phase (C18)	Pseudo-nitzschia		not applicable	not applicable	not applicable	not applicable	not applicable	not applicable		United States of America	not applicable				_Pseudo-nitzschia	not applicable	not applicable	not applicable	Culture	Pn_hasleana	Pn_hasleana	Pn_hasleana	Pn_hasleana_2	Pn_hasleana_2	50	unfiltered	Experiment_2	1523.879		222.42
	Pn_hasleana_B_DOM_I.mzXML	culture_multiplespecies	dissolvedorganicmatter_water_saline	not applicable	2017	liquid, solid phase extraction (PPL)	methanol (100%)	none	Q Exactive|MS:1001911	electrospray ionization (positive)	reverse phase (C18)	Pseudo-nitzschia		not applicable	not applicable	not applicable	not applicable	not applicable	not applicable		United States of America	not applicable				_Pseudo-nitzschia	not applicable	not applicable	not applicable	Culture	Pn_hasleana	Pn_hasleana	Pn_hasleana	Pn_hasleana_2	Pn_hasleana_2_DOM	50	filtered	Experiment_2	1504.808		254.32
	Pn_hasleana_B_DOM_II.mzXML	culture_multiplespecies	dissolvedorganicmatter_water_saline	not applicable	2017	liquid, solid phase extraction (PPL)	methanol (100%)	none	Q Exactive|MS:1001911	electrospray ionization (positive)	reverse phase (C18)	Pseudo-nitzschia		not applicable	not applicable	not applicable	not applicable	not applicable	not applicable		United States of America	not applicable				_Pseudo-nitzschia	not applicable	not applicable	not applicable	Culture	Pn_hasleana	Pn_hasleana	Pn_hasleana	Pn_hasleana_2	Pn_hasleana_2_DOM	50	filtered	Experiment_2	1504.808		254.32
	Pn_hasleana_B_Unfil_I.mzXML	culture_multiplespecies	dissolvedorganicmatter_water_saline	not applicable	2017	liquid, solid phase extraction (PPL)	methanol (100%)	none	Q Exactive|MS:1001911	electrospray ionization (positive)	reverse phase (C18)	Pseudo-nitzschia		not applicable	not applicable	not applicable	not applicable	not applicable	not applicable		United States of America	not applicable				_Pseudo-nitzschia	not applicable	not applicable	not applicable	Culture	Pn_hasleana	Pn_hasleana	Pn_hasleana	Pn_hasleana_2	Pn_hasleana_2	50	unfiltered	Experiment_2	1504.808		254.32
	Pn_hasleana_B_Unfil_II.mzXML	culture_multiplespecies	dissolvedorganicmatter_water_saline	not applicable	2017	liquid, solid phase extraction (PPL)	methanol (100%)	none	Q Exactive|MS:1001911	electrospray ionization (positive)	reverse phase (C18)	Pseudo-nitzschia		not applicable	not applicable	not applicable	not applicable	not applicable	not applicable		United States of America	not applicable				_Pseudo-nitzschia	not applicable	not applicable	not applicable	Culture	Pn_hasleana	Pn_hasleana	Pn_hasleana	Pn_hasleana_2	Pn_hasleana_2	50	unfiltered	Experiment_2	1504.808		254.32
	Pn_multiseries_100mL_DOM.mzXML	culture_multiplespecies	dissolvedorganicmatter_water_saline	not applicable	2017	liquid, solid phase extraction (PPL)	methanol (100%)	none	Q Exactive|MS:1001911	electrospray ionization (positive)	reverse phase (C18)	Pseudo-nitzschia		not applicable	not applicable	not applicable	not applicable	not applicable	not applicable		United States of America	not applicable				_Pseudo-nitzschia	not applicable	not applicable	not applicable	Culture	Pn_multiseries	Pn_multiseries	Pn_multiseries	Pn_multiseries_1	Pn_multiseries_1_DOM_100	100	filtered	Experiment_1	1407.849		129.15
	Pn_multiseries_50mL_DOM.mzXML	culture_multiplespecies	dissolvedorganicmatter_water_saline	not applicable	2017	liquid, solid phase extraction (PPL)	methanol (100%)	none	Q Exactive|MS:1001911	electrospray ionization (positive)	reverse phase (C18)	Pseudo-nitzschia		not applicable	not applicable	not applicable	not applicable	not applicable	not applicable		United States of America	not applicable				_Pseudo-nitzschia	not applicable	not applicable	not applicable	Culture	Pn_multiseries	Pn_multiseries	Pn_multiseries	Pn_multiseries_1	Pn_multiseries_1_DOM_50	50	filtered	Experiment_1	1407.849		129.15
	Pn_multiseries_50mL_unfil.mzXML	culture_multiplespecies	dissolvedorganicmatter_water_saline	not applicable	2017	liquid, solid phase extraction (PPL)	methanol (100%)	none	Q Exactive|MS:1001911	electrospray ionization (positive)	reverse phase (C18)	Pseudo-nitzschia		not applicable	not applicable	not applicable	not applicable	not applicable	not applicable		United States of America	not applicable				_Pseudo-nitzschia	not applicable	not applicable	not applicable	Culture	Pn_multiseries	Pn_multiseries	Pn_multiseries	Pn_multiseries_1	Pn_multiseries_1	50	unfiltered	Experiment_1	1407.849		129.15
	Pn_multiseries_A_DOM_I.mzXML	culture_multiplespecies	dissolvedorganicmatter_water_saline	not applicable	2017	liquid, solid phase extraction (PPL)	methanol (100%)	none	Q Exactive|MS:1001911	electrospray ionization (positive)	reverse phase (C18)	Pseudo-nitzschia		not applicable	not applicable	not applicable	not applicable	not applicable	not applicable		United States of America	not applicable				_Pseudo-nitzschia	not applicable	not applicable	not applicable	Culture	Pn_multiseries	Pn_multiseries	Pn_multiseries	Pn_multiseries_2	Pn_multiseries_2_DOM	50	filtered	Experiment_2	1384.454		34.106
	Pn_multiseries_A_DOM_II.mzXML	culture_multiplespecies	dissolvedorganicmatter_water_saline	not applicable	2017	liquid, solid phase extraction (PPL)	methanol (100%)	none	Q Exactive|MS:1001911	electrospray ionization (positive)	reverse phase (C18)	Pseudo-nitzschia		not applicable	not applicable	not applicable	not applicable	not applicable	not applicable		United States of America	not applicable				_Pseudo-nitzschia	not applicable	not applicable	not applicable	Culture	Pn_multiseries	Pn_multiseries	Pn_multiseries	Pn_multiseries_2	Pn_multiseries_2_DOM	50	filtered	Experiment_2	1384.454		34.106
	Pn_multiseries_A_Unfil_I.mzXML	culture_multiplespecies	dissolvedorganicmatter_water_saline	not applicable	2017	liquid, solid phase extraction (PPL)	methanol (100%)	none	Q Exactive|MS:1001911	electrospray ionization (positive)	reverse phase (C18)	Pseudo-nitzschia		not applicable	not applicable	not applicable	not applicable	not applicable	not applicable		United States of America	not applicable				_Pseudo-nitzschia	not applicable	not applicable	not applicable	Culture	Pn_multiseries	Pn_multiseries	Pn_multiseries	Pn_multiseries_2	Pn_multiseries_2	50	unfiltered	Experiment_2	1384.454		34.106
	Pn_multiseries_A_Unfil_II.mzXML	culture_multiplespecies	dissolvedorganicmatter_water_saline	not applicable	2017	liquid, solid phase extraction (PPL)	methanol (100%)	none	Q Exactive|MS:1001911	electrospray ionization (positive)	reverse phase (C18)	Pseudo-nitzschia		not applicable	not applicable	not applicable	not applicable	not applicable	not applicable		United States of America	not applicable				_Pseudo-nitzschia	not applicable	not applicable	not applicable	Culture	Pn_multiseries	Pn_multiseries	Pn_multiseries	Pn_multiseries_2	Pn_multiseries_2	50	unfiltered	Experiment_2	1384.454		34.106
	Pn_multiseries_B_DOM_I.mzXML	culture_multiplespecies	dissolvedorganicmatter_water_saline	not applicable	2017	liquid, solid phase extraction (PPL)	methanol (100%)	none	Q Exactive|MS:1001911	electrospray ionization (positive)	reverse phase (C18)	Pseudo-nitzschia		not applicable	not applicable	not applicable	not applicable	not applicable	not applicable		United States of America	not applicable				_Pseudo-nitzschia	not applicable	not applicable	not applicable	Culture	Pn_multiseries	Pn_multiseries	Pn_multiseries	Pn_multiseries_2	Pn_multiseries_2_DOM	50	filtered	Experiment_2	1384.614		29.014
	Pn_multiseries_B_DOM_II.mzXML	culture_multiplespecies	dissolvedorganicmatter_water_saline	not applicable	2017	liquid, solid phase extraction (PPL)	methanol (100%)	none	Q Exactive|MS:1001911	electrospray ionization (positive)	reverse phase (C18)	Pseudo-nitzschia		not applicable	not applicable	not applicable	not applicable	not applicable	not applicable		United States of America	not applicable				_Pseudo-nitzschia	not applicable	not applicable	not applicable	Culture	Pn_multiseries	Pn_multiseries	Pn_multiseries	Pn_multiseries_2	Pn_multiseries_2_DOM	50	filtered	Experiment_2	1384.614		29.014
	Pn_multiseries_B_Unfil_I.mzXML	culture_multiplespecies	dissolvedorganicmatter_water_saline	not applicable	2017	liquid, solid phase extraction (PPL)	methanol (100%)	none	Q Exactive|MS:1001911	electrospray ionization (positive)	reverse phase (C18)	Pseudo-nitzschia		not applicable	not applicable	not applicable	not applicable	not applicable	not applicable		United States of America	not applicable				_Pseudo-nitzschia	not applicable	not applicable	not applicable	Culture	Pn_multiseries	Pn_multiseries	Pn_multiseries	Pn_multiseries_2	Pn_multiseries_2	50	unfiltered	Experiment_2	1384.614		29.014
	Pn_multiseries_B_Unfil_II.mzXML	culture_multiplespecies	dissolvedorganicmatter_water_saline	not applicable	2017	liquid, solid phase extraction (PPL)	methanol (100%)	none	Q Exactive|MS:1001911	electrospray ionization (positive)	reverse phase (C18)	Pseudo-nitzschia		not applicable	not applicable	not applicable	not applicable	not applicable	not applicable		United States of America	not applicable				_Pseudo-nitzschia	not applicable	not applicable	not applicable	Culture	Pn_multiseries	Pn_multiseries	Pn_multiseries	Pn_multiseries_2	Pn_multiseries_2	50	unfiltered	Experiment_2	1384.614		29.014
	Pn_skinny13_100mL_DOM.mzXML	culture_multiplespecies	dissolvedorganicmatter_water_saline	not applicable	2017	liquid, solid phase extraction (PPL)	methanol (100%)	none	Q Exactive|MS:1001911	electrospray ionization (positive)	reverse phase (C18)	Pseudo-nitzschia		not applicable	not applicable	not applicable	not applicable	not applicable	not applicable		United States of America	not applicable				_Pseudo-nitzschia	not applicable	not applicable	not applicable	Culture	Pn_delicatissima	Pn_delicatissima	Pn_delicatissima	Pn_delicatissima_1	Pn_delicatissima_1_DOM_100	50	filtered	Experiment_1	1407.091		347.21
	Pn_skinny13_50mL_DOM.mzXML	culture_multiplespecies	dissolvedorganicmatter_water_saline	not applicable	2017	liquid, solid phase extraction (PPL)	methanol (100%)	none	Q Exactive|MS:1001911	electrospray ionization (positive)	reverse phase (C18)	Pseudo-nitzschia		not applicable	not applicable	not applicable	not applicable	not applicable	not applicable		United States of America	not applicable				_Pseudo-nitzschia	not applicable	not applicable	not applicable	Culture	Pn_delicatissima	Pn_delicatissima	Pn_delicatissima	Pn_delicatissima_1	Pn_delicatissima_1_DOM_50	50	filtered	Experiment_1	1407.091		347.21
	Pn_skinny13_50mL_unfil.mzXML	culture_multiplespecies	dissolvedorganicmatter_water_saline	not applicable	2017	liquid, solid phase extraction (PPL)	methanol (100%)	none	Q Exactive|MS:1001911	electrospray ionization (positive)	reverse phase (C18)	Pseudo-nitzschia		not applicable	not applicable	not applicable	not applicable	not applicable	not applicable		United States of America	not applicable				_Pseudo-nitzschia	not applicable	not applicable	not applicable	Culture	Pn_delicatissima	Pn_delicatissima	Pn_delicatissima	Pn_delicatissima_1	Pn_delicatissima_1	50	unfiltered	Experiment_1	1407.091		347.21
	Pn_subpacifica_A_DOM_I.mzXML	culture_multiplespecies	dissolvedorganicmatter_water_saline	not applicable	2017	liquid, solid phase extraction (PPL)	methanol (100%)	none	Q Exactive|MS:1001911	electrospray ionization (positive)	reverse phase (C18)	Pseudo-nitzschia		not applicable	not applicable	not applicable	not applicable	not applicable	not applicable		United States of America	not applicable				_Pseudo-nitzschia	not applicable	not applicable	not applicable	Culture	Pn_subpacifica	Pn_subpacifica	Pn_subpacifica	Pn_subpacifica_2	Pn_subpacifica_2_DOM	50	filtered	Experiment_2	1398.206		15.807
	Pn_subpacifica_A_DOM_II.mzXML	culture_multiplespecies	dissolvedorganicmatter_water_saline	not applicable	2017	liquid, solid phase extraction (PPL)	methanol (100%)	none	Q Exactive|MS:1001911	electrospray ionization (positive)	reverse phase (C18)	Pseudo-nitzschia		not applicable	not applicable	not applicable	not applicable	not applicable	not applicable		United States of America	not applicable				_Pseudo-nitzschia	not applicable	not applicable	not applicable	Culture	Pn_subpacifica	Pn_subpacifica	Pn_subpacifica	Pn_subpacifica_2	Pn_subpacifica_2_DOM	50	filtered	Experiment_2	1398.206		15.807
	Pn_subpacifica_A_Unfil_I.mzXML	culture_multiplespecies	dissolvedorganicmatter_water_saline	not applicable	2017	liquid, solid phase extraction (PPL)	methanol (100%)	none	Q Exactive|MS:1001911	electrospray ionization (positive)	reverse phase (C18)	Pseudo-nitzschia		not applicable	not applicable	not applicable	not applicable	not applicable	not applicable		United States of America	not applicable				_Pseudo-nitzschia	not applicable	not applicable	not applicable	Culture	Pn_subpacifica	Pn_subpacifica	Pn_subpacifica	Pn_subpacifica_2	Pn_subpacifica_2	50	unfiltered	Experiment_2	1398.206		15.807
	Pn_subpacifica_A_Unfil_II.mzXML	culture_multiplespecies	dissolvedorganicmatter_water_saline	not applicable	2017	liquid, solid phase extraction (PPL)	methanol (100%)	none	Q Exactive|MS:1001911	electrospray ionization (positive)	reverse phase (C18)	Pseudo-nitzschia		not applicable	not applicable	not applicable	not applicable	not applicable	not applicable		United States of America	not applicable				_Pseudo-nitzschia	not applicable	not applicable	not applicable	Culture	Pn_subpacifica	Pn_subpacifica	Pn_subpacifica	Pn_subpacifica_2	Pn_subpacifica_2	50	unfiltered	Experiment_2	1398.206		15.807
	Pn_subpacifica_B_DOM_I.mzXML	culture_multiplespecies	dissolvedorganicmatter_water_saline	not applicable	2017	liquid, solid phase extraction (PPL)	methanol (100%)	none	Q Exactive|MS:1001911	electrospray ionization (positive)	reverse phase (C18)	Pseudo-nitzschia		not applicable	not applicable	not applicable	not applicable	not applicable	not applicable		United States of America	not applicable				_Pseudo-nitzschia	not applicable	not applicable	not applicable	Culture	Pn_subpacifica	Pn_subpacifica	Pn_subpacifica	Pn_subpacifica_2	Pn_subpacifica_2_DOM	50	filtered	Experiment_2	1364.302		18.84
	Pn_subpacifica_B_DOM_II.mzXML	culture_multiplespecies	dissolvedorganicmatter_water_saline	not applicable	2017	liquid, solid phase extraction (PPL)	methanol (100%)	none	Q Exactive|MS:1001911	electrospray ionization (positive)	reverse phase (C18)	Pseudo-nitzschia		not applicable	not applicable	not applicable	not applicable	not applicable	not applicable		United States of America	not applicable				_Pseudo-nitzschia	not applicable	not applicable	not applicable	Culture	Pn_subpacifica	Pn_subpacifica	Pn_subpacifica	Pn_subpacifica_2	Pn_subpacifica_2_DOM	50	filtered	Experiment_2	1364.302		18.84
	Pn_subpacifica_B_Unfil_I.mzXML	culture_multiplespecies	dissolvedorganicmatter_water_saline	not applicable	2017	liquid, solid phase extraction (PPL)	methanol (100%)	none	Q Exactive|MS:1001911	electrospray ionization (positive)	reverse phase (C18)	Pseudo-nitzschia		not applicable	not applicable	not applicable	not applicable	not applicable	not applicable		United States of America	not applicable				_Pseudo-nitzschia	not applicable	not applicable	not applicable	Culture	Pn_subpacifica	Pn_subpacifica	Pn_subpacifica	Pn_subpacifica_2	Pn_subpacifica_2	50	unfiltered	Experiment_2	1364.302		18.84
	Pn_subpacifica_B_Unfil_II.mzXML	culture_multiplespecies	dissolvedorganicmatter_water_saline	not applicable	2017	liquid, solid phase extraction (PPL)	methanol (100%)	none	Q Exactive|MS:1001911	electrospray ionization (positive)	reverse phase (C18)	Pseudo-nitzschia		not applicable	not applicable	not applicable	not applicable	not applicable	not applicable		United States of America	not applicable				_Pseudo-nitzschia	not applicable	not applicable	not applicable	Culture	Pn_subpacifica	Pn_subpacifica	Pn_subpacifica	Pn_subpacifica_2	Pn_subpacifica_2	50	unfiltered	Experiment_2	1364.302		18.84
	Pn_subpacifico5_100mL_DOM.mzXML	culture_multiplespecies	dissolvedorganicmatter_water_saline	not applicable	2017	liquid, solid phase extraction (PPL)	methanol (100%)	none	Q Exactive|MS:1001911	electrospray ionization (positive)	reverse phase (C18)	Pseudo-nitzschia		not applicable	not applicable	not applicable	not applicable	not applicable	not applicable		United States of America	not applicable				_Pseudo-nitzschia	not applicable	not applicable	not applicable	Culture	Pn_subpacifica	Pn_subpacifica	Pn_subpacifica	Pn_subpacifica_1	Pn_subpacifica_1_DOM_100	100	filtered	Experiment_1	1363.126		
	Pn_subpacifico5_50mL_DOM.mzXML	culture_multiplespecies	dissolvedorganicmatter_water_saline	not applicable	2017	liquid, solid phase extraction (PPL)	methanol (100%)	none	Q Exactive|MS:1001911	electrospray ionization (positive)	reverse phase (C18)	Pseudo-nitzschia		not applicable	not applicable	not applicable	not applicable	not applicable	not applicable		United States of America	not applicable				_Pseudo-nitzschia	not applicable	not applicable	not applicable	Culture	Pn_subpacifica	Pn_subpacifica	Pn_subpacifica	Pn_subpacifica_1	Pn_subpacifica_1_DOM_50	50	filtered	Experiment_1	1363.126		
	Pn_subpacifico5_50mL_unfil.mzXML	culture_multiplespecies	dissolvedorganicmatter_water_saline	not applicable	2017	liquid, solid phase extraction (PPL)	methanol (100%)	none	Q Exactive|MS:1001911	electrospray ionization (positive)	reverse phase (C18)	Pseudo-nitzschia		not applicable	not applicable	not applicable	not applicable	not applicable	not applicable		United States of America	not applicable				_Pseudo-nitzschia	not applicable	not applicable	not applicable	Culture	Pn_subpacifica	Pn_subpacifica	Pn_subpacifica	Pn_subpacifica_1	Pn_subpacifica_1	50	unfiltered	Experiment_1	1363.126		
	Santa_Monica_I.mzXML	environmental	dissolvedorganicmatter_water_saline	not applicable	2017	liquid, solid phase extraction (PPL)	methanol (100%)	none	Q Exactive|MS:1001911	electrospray ionization (positive)	reverse phase (C18)	Pseudo-nitzschia		not applicable	not applicable	not applicable	not applicable	not applicable	not applicable		United States of America	not applicable				_Pseudo-nitzschia	not applicable	not applicable	not applicable	Environmental	Environmental	Piers	Santa_Monica	Santa_Monica	Santa_Monica	500	unfiltered	Field	88.66	141.18	
	Santa_Monica_II.mzXML	environmental	dissolvedorganicmatter_water_saline	not applicable	2017	liquid, solid phase extraction (PPL)	methanol (100%)	none	Q Exactive|MS:1001911	electrospray ionization (positive)	reverse phase (C18)	Pseudo-nitzschia		not applicable	not applicable	not applicable	not applicable	not applicable	not applicable		United States of America	not applicable				_Pseudo-nitzschia	not applicable	not applicable	not applicable	Environmental	Environmental	Piers	Santa_Monica	Santa_Monica	Santa_Monica	500	unfiltered	Field	88.66	141.18	
	Santa_Monica_III.mzXML	environmental	dissolvedorganicmatter_water_saline	not applicable	2017	liquid, solid phase extraction (PPL)	methanol (100%)	none	Q Exactive|MS:1001911	electrospray ionization (positive)	reverse phase (C18)	Pseudo-nitzschia		not applicable	not applicable	not applicable	not applicable	not applicable	not applicable		United States of America	not applicable				_Pseudo-nitzschia	not applicable	not applicable	not applicable	Environmental	Environmental	Piers	Santa_Monica	Santa_Monica	Santa_Monica	500	unfiltered	Field	88.66	141.18	
	Scripps_I.mzXML	environmental	dissolvedorganicmatter_water_saline	not applicable	2017	liquid, solid phase extraction (PPL)	methanol (100%)	none	Q Exactive|MS:1001911	electrospray ionization (positive)	reverse phase (C18)	Pseudo-nitzschia		not applicable	not applicable	not applicable	not applicable	not applicable	not applicable		United States of America	not applicable				_Pseudo-nitzschia	not applicable	not applicable	not applicable	Environmental	Environmental	Piers	Scripps	Scripps	Scripps	500	unfiltered	Field	80.35	84.41	
	Scripps_II.mzXML	environmental	dissolvedorganicmatter_water_saline	not applicable	2017	liquid, solid phase extraction (PPL)	methanol (100%)	none	Q Exactive|MS:1001911	electrospray ionization (positive)	reverse phase (C18)	Pseudo-nitzschia		not applicable	not applicable	not applicable	not applicable	not applicable	not applicable		United States of America	not applicable				_Pseudo-nitzschia	not applicable	not applicable	not applicable	Environmental	Environmental	Piers	Scripps	Scripps	Scripps	500	unfiltered	Field	80.35	84.41	
	Scripps_III.mzXML	environmental	dissolvedorganicmatter_water_saline	not applicable	2017	liquid, solid phase extraction (PPL)	methanol (100%)	none	Q Exactive|MS:1001911	electrospray ionization (positive)	reverse phase (C18)	Pseudo-nitzschia		not applicable	not applicable	not applicable	not applicable	not applicable	not applicable		United States of America	not applicable				_Pseudo-nitzschia	not applicable	not applicable	not applicable	Environmental	Environmental	Piers	Scripps	Scripps	Scripps	500	unfiltered	Field	80.35	84.41	
	Scripps_Melissa_I.mzXML	environmental	dissolvedorganicmatter_water_saline	not applicable	2017	liquid, solid phase extraction (PPL)	methanol (100%)	none	Q Exactive|MS:1001911	electrospray ionization (positive)	reverse phase (C18)	Pseudo-nitzschia		not applicable	not applicable	not applicable	not applicable	not applicable	not applicable		United States of America	not applicable				_Pseudo-nitzschia	not applicable	not applicable	not applicable	Environmental	Environmental	Piers	Scripps_M	Scripps_M	Scripps_M	500	unfiltered	Field	91.77	102.29	
	Scripps_Melissa_II.mzXML	environmental	dissolvedorganicmatter_water_saline	not applicable	2017	liquid, solid phase extraction (PPL)	methanol (100%)	none	Q Exactive|MS:1001911	electrospray ionization (positive)	reverse phase (C18)	Pseudo-nitzschia		not applicable	not applicable	not applicable	not applicable	not applicable	not applicable		United States of America	not applicable				_Pseudo-nitzschia	not applicable	not applicable	not applicable	Environmental	Environmental	Piers	Scripps_M	Scripps_M	Scripps_M	500	unfiltered	Field	91.77	102.29	
	Scripps_Melissa_III.mzXML	environmental	dissolvedorganicmatter_water_saline	not applicable	2017	liquid, solid phase extraction (PPL)	methanol (100%)	none	Q Exactive|MS:1001911	electrospray ionization (positive)	reverse phase (C18)	Pseudo-nitzschia		not applicable	not applicable	not applicable	not applicable	not applicable	not applicable		United States of America	not applicable				_Pseudo-nitzschia	not applicable	not applicable	not applicable	Environmental	Environmental	Piers	Scripps_M	Scripps_M	Scripps_M	500	unfiltered	Field	91.77	102.29	
	Scripps_Neal_I.mzXML	environmental	dissolvedorganicmatter_water_saline	not applicable	2017	liquid, solid phase extraction (PPL)	methanol (100%)	none	Q Exactive|MS:1001911	electrospray ionization (positive)	reverse phase (C18)	Pseudo-nitzschia		not applicable	not applicable	not applicable	not applicable	not applicable	not applicable		United States of America	not applicable				_Pseudo-nitzschia	not applicable	not applicable	not applicable	Environmental	Environmental	Piers	Scripps_N	Scripps_N	Scripps_N	500	unfiltered	Field			
	Scripps_Neal_II.mzXML	environmental	dissolvedorganicmatter_water_saline	not applicable	2017	liquid, solid phase extraction (PPL)	methanol (100%)	none	Q Exactive|MS:1001911	electrospray ionization (positive)	reverse phase (C18)	Pseudo-nitzschia		not applicable	not applicable	not applicable	not applicable	not applicable	not applicable		United States of America	not applicable				_Pseudo-nitzschia	not applicable	not applicable	not applicable	Environmental	Environmental	Piers	Scripps_N	Scripps_N	Scripps_N	500	unfiltered	Field			
	Scripps_Neal_III.mzXML	environmental	dissolvedorganicmatter_water_saline	not applicable	2017	liquid, solid phase extraction (PPL)	methanol (100%)	none	Q Exactive|MS:1001911	electrospray ionization (positive)	reverse phase (C18)	Pseudo-nitzschia		not applicable	not applicable	not applicable	not applicable	not applicable	not applicable		United States of America	not applicable				_Pseudo-nitzschia	not applicable	not applicable	not applicable	Environmental	Environmental	Piers	Scripps_N	Scripps_N	Scripps_N	500	unfiltered	Field			
	Stearn_Wharf_I.mzXML	environmental	dissolvedorganicmatter_water_saline	not applicable	2017	liquid, solid phase extraction (PPL)	methanol (100%)	none	Q Exactive|MS:1001911	electrospray ionization (positive)	reverse phase (C18)	Pseudo-nitzschia		not applicable	not applicable	not applicable	not applicable	not applicable	not applicable		United States of America	not applicable				_Pseudo-nitzschia	not applicable	not applicable	not applicable	Environmental	Environmental	Piers	Stearn_Wharf	Stearn_Wharf	Stearn_Wharf	500	unfiltered	Field	80.49	106.5	
	Stearn_Wharf_II.mzXML	environmental	dissolvedorganicmatter_water_saline	not applicable	2017	liquid, solid phase extraction (PPL)	methanol (100%)	none	Q Exactive|MS:1001911	electrospray ionization (positive)	reverse phase (C18)	Pseudo-nitzschia		not applicable	not applicable	not applicable	not applicable	not applicable	not applicable		United States of America	not applicable				_Pseudo-nitzschia	not applicable	not applicable	not applicable	Environmental	Environmental	Piers	Stearn_Wharf	Stearn_Wharf	Stearn_Wharf	500	unfiltered	Field	80.49	106.5	
	Stearn_Wharf_III.mzXML	environmental	dissolvedorganicmatter_water_saline	not applicable	2017	liquid, solid phase extraction (PPL)	methanol (100%)	none	Q Exactive|MS:1001911	electrospray ionization (positive)	reverse phase (C18)	Pseudo-nitzschia		not applicable	not applicable	not applicable	not applicable	not applicable	not applicable		United States of America	not applicable				_Pseudo-nitzschia	not applicable	not applicable	not applicable		Environmental	Piers	Stearn_Wharf	Stearn_Wharf	Stearn_Wharf	500	unfiltered	Field	80.49	106.5	
	CCE_P1706_139_MSMS.mzXML	environmental	dissolvedorganicmatter_water_saline	not applicable	2017	liquid, solid phase extraction (PPL)	methanol (100%)	none	Q Exactive|MS:1001911	electrospray ionization (positive)	reverse phase (C18)	Pseudo-nitzschia		not applicable	not applicable	not applicable	not applicable	not applicable	not applicable		United States of America	not applicable				_Pseudo-nitzschia	not applicable	not applicable	not applicable		Environmental	CCE	CCE	CCE	CCE	1000	unfiltered	Field			
	CCE_P1706_145_MSMS.mzXML	environmental	dissolvedorganicmatter_water_saline	not applicable	2017	liquid, solid phase extraction (PPL)	methanol (100%)	none	Q Exactive|MS:1001911	electrospray ionization (positive)	reverse phase (C18)	Pseudo-nitzschia		not applicable	not applicable	not applicable	not applicable	not applicable	not applicable		United States of America	not applicable				_Pseudo-nitzschia	not applicable	not applicable	not applicable		Environmental	CCE	CCE	CCE	CCE	1000	unfiltered	Field			
	CCE_P1706_146_MSMS.mzXML	environmental	dissolvedorganicmatter_water_saline	not applicable	2017	liquid, solid phase extraction (PPL)	methanol (100%)	none	Q Exactive|MS:1001911	electrospray ionization (positive)	reverse phase (C18)	Pseudo-nitzschia		not applicable	not applicable	not applicable	not applicable	not applicable	not applicable		United States of America	not applicable				_Pseudo-nitzschia	not applicable	not applicable	not applicable		Environmental	CCE	CCE	CCE	CCE	1000	unfiltered	Field			
	CCE_P1706_47_MSMS.mzXML	environmental	dissolvedorganicmatter_water_saline	not applicable	2017	liquid, solid phase extraction (PPL)	methanol (100%)	none	Q Exactive|MS:1001911	electrospray ionization (positive)	reverse phase (C18)	Pseudo-nitzschia		not applicable	not applicable	not applicable	not applicable	not applicable	not applicable		United States of America	not applicable				_Pseudo-nitzschia	not applicable	not applicable	not applicable		Environmental	CCE	CCE	CCE	CCE	1000	unfiltered	Field			
	CCE_P1706_59_MSMS.mzXML	environmental	dissolvedorganicmatter_water_saline	not applicable	2017	liquid, solid phase extraction (PPL)	methanol (100%)	none	Q Exactive|MS:1001911	electrospray ionization (positive)	reverse phase (C18)	Pseudo-nitzschia		not applicable	not applicable	not applicable	not applicable	not applicable	not applicable		United States of America	not applicable				_Pseudo-nitzschia	not applicable	not applicable	not applicable		Environmental	CCE	CCE	CCE	CCE	1000	unfiltered	Field			
	CCE_P1706_49_MSMS.mzXML	environmental	dissolvedorganicmatter_water_saline	not applicable	2017	liquid, solid phase extraction (PPL)	methanol (100%)	none	Q Exactive|MS:1001911	electrospray ionization (positive)	reverse phase (C18)	Pseudo-nitzschia		not applicable	not applicable	not applicable	not applicable	not applicable	not applicable		United States of America	not applicable				_Pseudo-nitzschia	not applicable	not applicable	not applicable		Environmental	CCE	CCE	CCE	CCE	1000	unfiltered	Field			
	CCE_P1706_48_MSMS.mzXML	environmental	dissolvedorganicmatter_water_saline	not applicable	2017	liquid, solid phase extraction (PPL)	methanol (100%)	none	Q Exactive|MS:1001911	electrospray ionization (positive)	reverse phase (C18)	Pseudo-nitzschia		not applicable	not applicable	not applicable	not applicable	not applicable	not applicable		United States of America	not applicable				_Pseudo-nitzschia	not applicable	not applicable	not applicable		Environmental	CCE	CCE	CCE	CCE	1000	unfiltered	Field			
	CCE_P1706_60_MSMS.mzXML	environmental	dissolvedorganicmatter_water_saline	not applicable	2017	liquid, solid phase extraction (PPL)	methanol (100%)	none	Q Exactive|MS:1001911	electrospray ionization (positive)	reverse phase (C18)	Pseudo-nitzschia		not applicable	not applicable	not applicable	not applicable	not applicable	not applicable		United States of America	not applicable				_Pseudo-nitzschia	not applicable	not applicable	not applicable		Environmental	CCE	CCE	CCE	CCE	1000	unfiltered	Field			
	CCE_P1706_50_MSMS.mzXML	environmental	dissolvedorganicmatter_water_saline	not applicable	2017	liquid, solid phase extraction (PPL)	methanol (100%)	none	Q Exactive|MS:1001911	electrospray ionization (positive)	reverse phase (C18)	Pseudo-nitzschia		not applicable	not applicable	not applicable	not applicable	not applicable	not applicable		United States of America	not applicable				_Pseudo-nitzschia	not applicable	not applicable	not applicable		Environmental	CCE	CCE	CCE	CCE	1000	unfiltered	Field			
	CCE_P1706_61_MSMS.mzXML	environmental	dissolvedorganicmatter_water_saline	not applicable	2017	liquid, solid phase extraction (PPL)	methanol (100%)	none	Q Exactive|MS:1001911	electrospray ionization (positive)	reverse phase (C18)	Pseudo-nitzschia		not applicable	not applicable	not applicable	not applicable	not applicable	not applicable		United States of America	not applicable				_Pseudo-nitzschia	not applicable	not applicable	not applicable		Environmental	CCE	CCE	CCE	CCE	1000	unfiltered	Field			
	CCE_P1706_71_MSMS.mzXML	environmental	dissolvedorganicmatter_water_saline	not applicable	2017	liquid, solid phase extraction (PPL)	methanol (100%)	none	Q Exactive|MS:1001911	electrospray ionization (positive)	reverse phase (C18)	Pseudo-nitzschia		not applicable	not applicable	not applicable	not applicable	not applicable	not applicable		United States of America	not applicable				_Pseudo-nitzschia	not applicable	not applicable	not applicable		Environmental	CCE	CCE	CCE	CCE	1000	unfiltered	Field			
	CCE_P1706_62_MSMS.mzXML	environmental	dissolvedorganicmatter_water_saline	not applicable	2017	liquid, solid phase extraction (PPL)	methanol (100%)	none	Q Exactive|MS:1001911	electrospray ionization (positive)	reverse phase (C18)	Pseudo-nitzschia		not applicable	not applicable	not applicable	not applicable	not applicable	not applicable		United States of America	not applicable				_Pseudo-nitzschia	not applicable	not applicable	not applicable		Environmental	CCE	CCE	CCE	CCE	1000	unfiltered	Field			
	CCE_P1706_72_MSMS.mzXML	environmental	dissolvedorganicmatter_water_saline	not applicable	2017	liquid, solid phase extraction (PPL)	methanol (100%)	none	Q Exactive|MS:1001911	electrospray ionization (positive)	reverse phase (C18)	Pseudo-nitzschia		not applicable	not applicable	not applicable	not applicable	not applicable	not applicable		United States of America	not applicable				_Pseudo-nitzschia	not applicable	not applicable	not applicable		Environmental	CCE	CCE	CCE	CCE	1000	unfiltered	Field			
	CCE_P1706_74_MSMS.mzXML	environmental	dissolvedorganicmatter_water_saline	not applicable	2017	liquid, solid phase extraction (PPL)	methanol (100%)	none	Q Exactive|MS:1001911	electrospray ionization (positive)	reverse phase (C18)	Pseudo-nitzschia		not applicable	not applicable	not applicable	not applicable	not applicable	not applicable		United States of America	not applicable				_Pseudo-nitzschia	not applicable	not applicable	not applicable		Environmental	CCE	CCE	CCE	CCE	1000	unfiltered	Field			
	CCE_P1706_73_MSMS.mzXML	environmental	dissolvedorganicmatter_water_saline	not applicable	2017	liquid, solid phase extraction (PPL)	methanol (100%)	none	Q Exactive|MS:1001911	electrospray ionization (positive)	reverse phase (C18)	Pseudo-nitzschia		not applicable	not applicable	not applicable	not applicable	not applicable	not applicable		United States of America	not applicable				_Pseudo-nitzschia	not applicable	not applicable	not applicable		Environmental	CCE	CCE	CCE	CCE	1000	unfiltered	Field			